first_name,middle_name,nick_name,last_name,suffix,title,chamber,residence,state,state_abbr,district,note,raw_name
Barry,,,Moore,,Representative,HOUSE,Enterprise,Alabama,AL,1,,Barry Moore
Shomari,,,Figures,,Representative,HOUSE,Mobile,Alabama,AL,2,,Shomari Figures
Mike,,,Rogers,,Representative,HOUSE,Weaver,Alabama,AL,3,,Mike Rogers
Robert,B.,,Aderholt,,Representative,HOUSE,Haleyville,Alabama,AL,4,,Robert B. Aderholt
Dale,W.,,Strong,,Representative,HOUSE,Huntsville,Alabama,AL,5,,Dale W. Strong
Gary,J.,,Palmer,,Representative,HOUSE,Hoover,Alabama,AL,6,,Gary J. Palmer
Terri,A.,,Sewell,,Representative,HOUSE,Birmingham,Alabama,AL,7,,Terri A. Sewell
Nicholas,J.,,Begich,III,Representative,HOUSE,Chugiak,Alaska,AK,AL,,Nicholas J. Begich III
David,,,Schweikert,,Representative,HOUSE,Fountain Hills,Arizona,AZ,1,,David Schweikert
Elijah,,,Crane,,Representative,HOUSE,Oro Valley,Arizona,AZ,2,,Elijah Crane
Yassamin,,,Ansari,,Representative,HOUSE,Phoenix,Arizona,AZ,3,,Yassamin Ansari
Greg,,,Stanton,,Representative,HOUSE,Phoenix,Arizona,AZ,4,,Greg Stanton
Andy,,,Biggs,,Representative,HOUSE,Gilbert,Arizona,AZ,5,,Andy Biggs
Juan,,,Ciscomani,,Representative,HOUSE,Tucson,Arizona,AZ,6,,Juan Ciscomani
Raúl,M.,,Grijalva,,Representative,HOUSE,,Arizona,AZ,7,"Deceased March 13, 2025",Raúl M. Grijalva
Abraham,J.,,Hamadeh,,Representative,HOUSE,Phoenix,Arizona,AZ,8,,Abraham J. Hamadeh
Paul,A.,,Gosar,,Representative,HOUSE,Bullhead City,Arizona,AZ,9,,Paul A. Gosar
Eric,A.,Rick,Crawford,,Representative,HOUSE,Jonesboro,Arkansas,AR,1,,Eric A. “Rick” Crawford
French,,J. French,Hill,,Representative,HOUSE,Little Rock,Arkansas,AR,2,,J. French Hill
Steve,,,Womack,,Representative,HOUSE,Rogers,Arkansas,AR,3,,Steve Womack
Bruce,,,Westerman,,Representative,HOUSE,Hot Springs,Arkansas,AR,4,,Bruce Westerman
Doug,,,LaMalfa,,Representative,HOUSE,Oroville,California,CA,1,,Doug LaMalfa
Jared,,,Huffman,,Representative,HOUSE,San Rafael,California,CA,2,,Jared Huffman
Kevin,,,Kiley,,Representative,HOUSE,Rocklin,California,CA,3,,Kevin Kiley
Mike,,,Thompson,,Representative,HOUSE,St. Helena,California,CA,4,,Mike Thompson
Tom,,,McClintock,,Representative,HOUSE,Elk Grove,California,CA,5,,Tom McClintock
Ami,,,Bera,,Representative,HOUSE,Elk Grove,California,CA,6,,Ami Bera
Doris,O.,,Matsui,,Representative,HOUSE,Sacramento,California,CA,7,,Doris O. Matsui
John,,,Garamendi,,Representative,HOUSE,Walnut Grove,California,CA,8,,John Garamendi
Josh,,,Harder,,Representative,HOUSE,Tracy,California,CA,9,,Josh Harder
Mark,,,DeSaulnier,,Representative,HOUSE,Concord,California,CA,10,,Mark DeSaulnier
Nancy,,,Pelosi,,Representative,HOUSE,San Francisco,California,CA,11,,Nancy Pelosi
Lateefah,,,Simon,,Representative,HOUSE,Oakland,California,CA,12,,Lateefah Simon
Adam,,,Gray,,Representative,HOUSE,Merced,California,CA,13,,Adam Gray
Eric,,,Swalwell,,Representative,HOUSE,Livermore,California,CA,14,,Eric Swalwell
Kevin,,,Mullin,,Representative,HOUSE,South San Francisco,California,CA,15,,Kevin Mullin
Sam,T.,,Liccardo,,Representative,HOUSE,San José,California,CA,16,,Sam T. Liccardo
Ro,,,Khanna,,Representative,HOUSE,Fremont,California,CA,17,,Ro Khanna
Zoe,,,Lofgren,,Representative,HOUSE,San José,California,CA,18,,Zoe Lofgren
Jimmy,,,Panetta,,Representative,HOUSE,Carmel Valley,California,CA,19,,Jimmy Panetta
Vince,,,Fong,,Representative,HOUSE,Bakersfield,California,CA,20,,Vince Fong
Jim,,,Costa,,Representative,HOUSE,Fresno,California,CA,21,,Jim Costa
David,G.,,Valadao,,Representative,HOUSE,Hanford,California,CA,22,,David G. Valadao
Jay,,,Obernolte,,Representative,HOUSE,Big Bear Lake,California,CA,23,,Jay Obernolte
Salud,O.,,Carbajal,,Representative,HOUSE,Santa Barbara,California,CA,24,,Salud O. Carbajal
Raul,,,Ruiz,,Representative,HOUSE,Indio,California,CA,25,,Raul Ruiz
Julia,,,Brownley,,Representative,HOUSE,Westlake Village,California,CA,26,,Julia Brownley
George,,,Whitesides,,Representative,HOUSE,Agua Dulce,California,CA,27,,George Whitesides
Judy,,,Chu,,Representative,HOUSE,Monterey Park,California,CA,28,,Judy Chu
Luz,M.,,Rivas,,Representative,HOUSE,San Fernando Valley,California,CA,29,,Luz M. Rivas
Laura,,,Friedman,,Representative,HOUSE,Glendale,California,CA,30,,Laura Friedman
Gilbert,Ray,,Cisneros,Jr,Representative,HOUSE,Covina,California,CA,31,,"Gilbert Ray Cisneros, Jr."
Brad,,,Sherman,,Representative,HOUSE,Sherman Oaks,California,CA,32,,Brad Sherman
Pete,,,Aguilar,,Representative,HOUSE,Redlands,California,CA,33,,Pete Aguilar
Jimmy,,,Gomez,,Representative,HOUSE,Los Angeles,California,CA,34,,Jimmy Gomez
Norma,J.,,Torres,,Representative,HOUSE,Pomona,California,CA,35,,Norma J. Torres
Ted,,,Lieu,,Representative,HOUSE,Torrance,California,CA,36,,Ted Lieu
Sydney,,,Kamlager-Dove,,Representative,HOUSE,Los Angeles,California,CA,37,,Sydney Kamlager-Dove
Linda,T.,,Sánchez,,Representative,HOUSE,Whittier,California,CA,38,,Linda T. Sánchez
Mark,,,Takano,,Representative,HOUSE,Riverside,California,CA,39,,Mark Takano
Young,,,Kim,,Representative,HOUSE,La Habra,California,CA,40,,Young Kim
Ken,,,Calvert,,Representative,HOUSE,Corona,California,CA,41,,Ken Calvert
Robert,,,Garcia,,Representative,HOUSE,Long Beach,California,CA,42,,Robert Garcia
Maxine,,,Waters,,Representative,HOUSE,Los Angeles,California,CA,43,,Maxine Waters
Nanette,,,Diaz Barragán,,Representative,HOUSE,Los Angeles,California,CA,44,,Nanette Diaz Barragán
Derek,,,Tran,,Representative,HOUSE,Orange,California,CA,45,,Derek Tran
Lou,,J. Luis,Correa,,Representative,HOUSE,Santa Ana,California,CA,46,,J. Luis Correa
Dave,,,Min,,Representative,HOUSE,Irvine,California,CA,47,,Dave Min
Darrell,,,Issa,,Representative,HOUSE,San Diego,California,CA,48,,Darrell Issa
Mike,,,Levin,,Representative,HOUSE,San Juan Capistrano,California,CA,49,,Mike Levin
Scott,H.,,Peters,,Representative,HOUSE,San Diego,California,CA,50,,Scott H. Peters
Sara,,,Jacobs,,Representative,HOUSE,San Diego,California,CA,51,,Sara Jacobs
Juan,,,Vargas,,Representative,HOUSE,San Diego,California,CA,52,,Juan Vargas
Diana,,,DeGette,,Representative,HOUSE,Denver,Colorado,CO,1,,Diana DeGette
Joe,,,Neguse,,Representative,HOUSE,Lafayette,Colorado,CO,2,,Joe Neguse
Jeff,,,Hurd,,Representative,HOUSE,Grand Junction,Colorado,CO,3,,Jeff Hurd
Lauren,,,Boebert,,Representative,HOUSE,Silt,Colorado,CO,4,,Lauren Boebert
Jeff,,,Crank,,Representative,HOUSE,Colorado Springs,Colorado,CO,5,,Jeff Crank
Jason,,,Crow,,Representative,HOUSE,Aurora,Colorado,CO,6,,Jason Crow
Brittany,,,Pettersen,,Representative,HOUSE,Lakewood,Colorado,CO,7,,Brittany Pettersen
Gabe,,,Evans,,Representative,HOUSE,Fort Lupton,Colorado,CO,8,,Gabe Evans
John,B.,,Larson,,Representative,HOUSE,East Hartford,Connecticut,CT,1,,John B. Larson
Joe,,,Courtney,,Representative,HOUSE,Vernon,Connecticut,CT,2,,Joe Courtney
Rosa,L.,,DeLauro,,Representative,HOUSE,New Haven,Connecticut,CT,3,,Rosa L. DeLauro
James,A.,,Himes,,Representative,HOUSE,Cos Cob,Connecticut,CT,4,,James A. Himes
Jahana,,,Hayes,,Representative,HOUSE,Wolcott,Connecticut,CT,5,,Jahana Hayes
Sarah,,,McBride,,Representative,HOUSE,Wilmington,Delaware,DE,AL,,Sarah McBride
Jimmy,,,Patronis,,Representative,HOUSE,Fort Walton Beach,Florida,FL,1,,Jimmy Patronis
Neal,P.,,Dunn,,Representative,HOUSE,Panama City,Florida,FL,2,,Neal P. Dunn
Kat,,,Cammack,,Representative,HOUSE,Gainesville,Florida,FL,3,,Kat Cammack
Aaron,,,Bean,,Representative,HOUSE,Fernandina Beach,Florida,FL,4,,Aaron Bean
John,H.,,Rutherford,,Representative,HOUSE,Jacksonville,Florida,FL,5,,John H. Rutherford
Randy,,,Fine,,Representative,HOUSE,Melbourne Beach,Florida,FL,6,,Randy Fine
Cory,,,Mills,,Representative,HOUSE,New Smyrna Beach,Florida,FL,7,,Cory Mills
Mike,,,Haridopolos,,Representative,HOUSE,Indian Harbour Beach,Florida,FL,8,,Mike Haridopolos
Darren,,,Soto,,Representative,HOUSE,Kissimmee,Florida,FL,9,,Darren Soto
Maxwell,,,Frost,,Representative,HOUSE,Orlando,Florida,FL,10,,Maxwell Frost
Daniel,,,Webster,,Representative,HOUSE,Clermont,Florida,FL,11,,Daniel Webster
Gus,M.,,Bilirakis,,Representative,HOUSE,Palm Harbor,Florida,FL,12,,Gus M. Bilirakis
Anna,,Anna Paulina,Luna,,Representative,HOUSE,St. Petersburg,Florida,FL,13,,Anna Paulina Luna
Kathy,,,Castor,,Representative,HOUSE,Tampa,Florida,FL,14,,Kathy Castor
Laurel,M.,,Lee,,Representative,HOUSE,Tampa,Florida,FL,15,,Laurel M. Lee
Vern,,,Buchanan,,Representative,HOUSE,Sarasota,Florida,FL,16,,Vern Buchanan
Gregory,,W. Gregory,Steube,,Representative,HOUSE,Sarasota,Florida,FL,17,,W. Gregory Steube
Scott,,,Franklin,,Representative,HOUSE,Lakeland,Florida,FL,18,,Scott Franklin
Byron,,,Donalds,,Representative,HOUSE,Naples,Florida,FL,19,,Byron Donalds
Sheila,,,Cherfilus-McCormick,,Representative,HOUSE,Miramar,Florida,FL,20,,Sheila Cherfilus-McCormick
Brian,J.,,Mast,,Representative,HOUSE,Fort Pierce,Florida,FL,21,,Brian J. Mast
Lois,,,Frankel,,Representative,HOUSE,West Palm Beach,Florida,FL,22,,Lois Frankel
Jared,,,Moskowitz,,Representative,HOUSE,Parkland,Florida,FL,23,,Jared Moskowitz
Frederica,S.,,Wilson,,Representative,HOUSE,Miami Gardens,Florida,FL,24,,Frederica S. Wilson
Debbie,,,Wasserman Schultz,,Representative,HOUSE,Weston,Florida,FL,25,,Debbie Wasserman Schultz
Mario,,,Diaz-Balart,,Representative,HOUSE,Miami,Florida,FL,26,,Mario Diaz-Balart
Maria,,,Elvira Salazar,,Representative,HOUSE,Miami,Florida,FL,27,,Maria Elvira Salazar
Carlos,A.,,Gimenez,,Representative,HOUSE,Miami,Florida,FL,28,,Carlos A. Gimenez
Earl,L.,Buddy,Carter,,Representative,HOUSE,Pooler,Georgia,GA,1,,Earl L. “Buddy” Carter
Sanford,D.,,Bishop,Jr,Representative,HOUSE,Albany,Georgia,GA,2,,"Sanford D. Bishop, Jr."
Brian,,,Jack,,Representative,HOUSE,Peachtree City,Georgia,GA,3,,Brian Jack
Henry,C.,Hank,Johnson,Jr,Representative,HOUSE,Lithonia,Georgia,GA,4,,"Henry C. “Hank” Johnson, Jr."
Nikema,,,Williams,,Representative,HOUSE,Atlanta,Georgia,GA,5,,Nikema Williams
Lucy,,,McBath,,Representative,HOUSE,Marietta,Georgia,GA,6,,Lucy McBath
Richard,,,McCormick,,Representative,HOUSE,Suwanee,Georgia,GA,7,,Richard McCormick
Austin,,,Scott,,Representative,HOUSE,Tifton,Georgia,GA,8,,Austin Scott
Andrew,S.,,Clyde,,Representative,HOUSE,Athens,Georgia,GA,9,,Andrew S. Clyde
Mike,,,Collins,,Representative,HOUSE,Jackson,Georgia,GA,10,,Mike Collins
Barry,,,Loudermilk,,Representative,HOUSE,Cassville,Georgia,GA,11,,Barry Loudermilk
Rick,W.,,Allen,,Representative,HOUSE,Augusta,Georgia,GA,12,,Rick W. Allen
David,,,Scott,,Representative,HOUSE,Atlanta,Georgia,GA,13,,David Scott
Marjorie,,Marjorie Taylor,Greene,,Representative,HOUSE,Rome,Georgia,GA,14,,Marjorie Taylor Greene
Ed,,,Case,,Representative,HOUSE,Kaneohe,Hawaii,HI,1,,Ed Case
Jill,N.,,Tokuda,,Representative,HOUSE,Kaneohe,Hawaii,HI,2,,Jill N. Tokuda
Russ,,,Fulcher,,Representative,HOUSE,Meridian,Idaho,ID,1,,Russ Fulcher
Michael,K.,,Simpson,,Representative,HOUSE,Idaho Falls,Idaho,ID,2,,Michael K. Simpson
Jonathan,L.,,Jackson,,Representative,HOUSE,Chicago,Illinois,IL,1,,Jonathan L. Jackson
Robin,L.,,Kelly,,Representative,HOUSE,Matteson,Illinois,IL,2,,Robin L. Kelly
Delia,C.,,Ramirez,,Representative,HOUSE,Chicago,Illinois,IL,3,,Delia C. Ramirez
Jesús,G.,Chuy,García,,Representative,HOUSE,Chicago,Illinois,IL,4,,Jesús G. “Chuy” García
Mike,,,Quigley,,Representative,HOUSE,Chicago,Illinois,IL,5,,Mike Quigley
Sean,,,Casten,,Representative,HOUSE,Downers Grove,Illinois,IL,6,,Sean Casten
Danny,K.,,Davis,,Representative,HOUSE,Chicago,Illinois,IL,7,,Danny K. Davis
Raja,,,Krishnamoorthi,,Representative,HOUSE,Schaumburg,Illinois,IL,8,,Raja Krishnamoorthi
Janice,D.,,Schakowsky,,Representative,HOUSE,Evanston,Illinois,IL,9,,Janice D. Schakowsky
Bradley,Scott,,Schneider,,Representative,HOUSE,Highland Park,Illinois,IL,10,,Bradley Scott Schneider
Bill,,,Foster,,Representative,HOUSE,Naperville,Illinois,IL,11,,Bill Foster
Mike,,,Bost,,Representative,HOUSE,Murphysboro,Illinois,IL,12,,Mike Bost
Nikki,,,Budzinski,,Representative,HOUSE,Springfield,Illinois,IL,13,,Nikki Budzinski
Lauren,,,Underwood,,Representative,HOUSE,Naperville,Illinois,IL,14,,Lauren Underwood
Mary,E.,,Miller,,Representative,HOUSE,Oakland,Illinois,IL,15,,Mary E. Miller
Darin,,,LaHood,,Representative,HOUSE,Peoria,Illinois,IL,16,,Darin LaHood
Eric,,,Sorensen,,Representative,HOUSE,Moline,Illinois,IL,17,,Eric Sorensen
Frank,J.,,Mrvan,,Representative,HOUSE,Highland,Indiana,IN,1,,Frank J. Mrvan
Rudy,,,Yakym,III,Representative,HOUSE,Granger,Indiana,IN,2,,Rudy Yakym III
Marlin,A.,,Stutzman,,Representative,HOUSE,Howe,Indiana,IN,3,,Marlin A. Stutzman
James,R.,,Baird,,Representative,HOUSE,Greencastle,Indiana,IN,4,,James R. Baird
Victoria,,,Spartz,,Representative,HOUSE,Noblesville,Indiana,IN,5,,Victoria Spartz
Jefferson,,,Shreve,,Representative,HOUSE,Indianapolis,Indiana,IN,6,,Jefferson Shreve
André,,,Carson,,Representative,HOUSE,Indianapolis,Indiana,IN,7,,André Carson
Mark,B.,,Messmer,,Representative,HOUSE,Jasper,Indiana,IN,8,,Mark B. Messmer
Erin,,,Houchin,,Representative,HOUSE,Salem,Indiana,IN,9,,Erin Houchin
Mariannette,,,Miller-Meeks,,Representative,HOUSE,Le Claire,Iowa,IA,1,,Mariannette Miller-Meeks
Ashley,,,Hinson,,Representative,HOUSE,Marion,Iowa,IA,2,,Ashley Hinson
Zachary,,,Nunn,,Representative,HOUSE,Bondurant,Iowa,IA,3,,Zachary Nunn
Randy,,,Feenstra,,Representative,HOUSE,Hull,Iowa,IA,4,,Randy Feenstra
Tracey,,,Mann,,Representative,HOUSE,Salina,Kansas,KS,1,,Tracey Mann
Derek,,,Schmidt,,Representative,HOUSE,Independence,Kansas,KS,2,,Derek Schmidt
Sharice,,,Davids,,Representative,HOUSE,Roeland Park,Kansas,KS,3,,Sharice Davids
Ron,,,Estes,,Representative,HOUSE,Wichita,Kansas,KS,4,,Ron Estes
James,,,Comer,,Representative,HOUSE,Tompkinsville,Kentucky,KY,1,,James Comer
Brett,,,Guthrie,,Representative,HOUSE,Bowling Green,Kentucky,KY,2,,Brett Guthrie
Morgan,,,McGarvey,,Representative,HOUSE,Louisville,Kentucky,KY,3,,Morgan McGarvey
Thomas,,,Massie,,Representative,HOUSE,Garrison,Kentucky,KY,4,,Thomas Massie
Harold,,,Rogers,,Representative,HOUSE,Somerset,Kentucky,KY,5,,Harold Rogers
Andy,,,Barr,,Representative,HOUSE,Lexington,Kentucky,KY,6,,Andy Barr
Steve,,,Scalise,,Representative,HOUSE,Jefferson,Louisiana,LA,1,,Steve Scalise
Troy,A.,,Carter,,Representative,HOUSE,New Orleans,Louisiana,LA,2,,Troy A. Carter
Clay,,,Higgins,,Representative,HOUSE,Lafayette,Louisiana,LA,3,,Clay Higgins
Mike,,,Johnson,,Representative,HOUSE,Benton,Louisiana,LA,4,,Mike Johnson
Julia,,,Letlow,,Representative,HOUSE,Start,Louisiana,LA,5,,Julia Letlow
Cleo,,,Fields,,Representative,HOUSE,Baton Rouge,Louisiana,LA,6,,Cleo Fields
Chellie,,,Pingree,,Representative,HOUSE,North Haven,Maine,ME,1,,Chellie Pingree
Jared,F.,,Golden,,Representative,HOUSE,Lewiston,Maine,ME,2,,Jared F. Golden
Andy,,,Harris,,Representative,HOUSE,Cambridge,Maryland,MD,1,,Andy Harris
Johnny,,,Olszewski,Jr,Representative,HOUSE,Sparrows Point,Maryland,MD,2,,"Johnny Olszewski, Jr."
Sarah,,,Elfreth,,Representative,HOUSE,Annapolis,Maryland,MD,3,,Sarah Elfreth
Glenn,,,Ivey,,Representative,HOUSE,Cheverly,Maryland,MD,4,,Glenn Ivey
Steny,H.,,Hoyer,,Representative,HOUSE,Mechanicsville,Maryland,MD,5,,Steny H. Hoyer
April,,,McClain Delaney,,Representative,HOUSE,Potomac,Maryland,MD,6,,April McClain Delaney
Kweisi,,,Mfume,,Representative,HOUSE,Baltimore,Maryland,MD,7,,Kweisi Mfume
Jamie,,,Raskin,,Representative,HOUSE,Takoma Park,Maryland,MD,8,,Jamie Raskin
Richard,E.,,Neal,,Representative,HOUSE,Springfield,Massachusetts,MA,1,,Richard E. Neal
James,P.,,McGovern,,Representative,HOUSE,Worcester,Massachusetts,MA,2,,James P. McGovern
Lori,,,Trahan,,Representative,HOUSE,Westford,Massachusetts,MA,3,,Lori Trahan
Jake,,,Auchincloss,,Representative,HOUSE,Newton,Massachusetts,MA,4,,Jake Auchincloss
Katherine,M.,,Clark,,Representative,HOUSE,Revere,Massachusetts,MA,5,,Katherine M. Clark
Seth,,,Moulton,,Representative,HOUSE,Salem,Massachusetts,MA,6,,Seth Moulton
Ayanna,,,Pressley,,Representative,HOUSE,Boston,Massachusetts,MA,7,,Ayanna Pressley
Stephen,F.,,Lynch,,Representative,HOUSE,South Boston,Massachusetts,MA,8,,Stephen F. Lynch
William,R.,,Keating,,Representative,HOUSE,Bourne,Massachusetts,MA,9,,William R. Keating
Jack,,,Bergman,,Representative,HOUSE,Watersmeet,Michigan,MI,1,,Jack Bergman
John,R.,,Moolenaar,,Representative,HOUSE,Caledonia,Michigan,MI,2,,John R. Moolenaar
Hillary,J.,,Scholten,,Representative,HOUSE,Grand Rapids,Michigan,MI,3,,Hillary J. Scholten
Bill,,,Huizenga,,Representative,HOUSE,Holland,Michigan,MI,4,,Bill Huizenga
Tim,,,Walberg,,Representative,HOUSE,Tipton,Michigan,MI,5,,Tim Walberg
Debbie,,,Dingell,,Representative,HOUSE,Ann Arbor,Michigan,MI,6,,Debbie Dingell
Tom,,,Barrett,,Representative,HOUSE,Charlotte,Michigan,MI,7,,Tom Barrett
Kristen,,,McDonald Rivet,,Representative,HOUSE,Bay City,Michigan,MI,8,,Kristen McDonald Rivet
Lisa,C.,,McClain,,Representative,HOUSE,Bruce,Michigan,MI,9,,Lisa C. McClain
John,,,James,,Representative,HOUSE,Shelby Township,Michigan,MI,10,,John James
Haley,M.,,Stevens,,Representative,HOUSE,Birmingham,Michigan,MI,11,,Haley M. Stevens
Rashida,,,Tlaib,,Representative,HOUSE,Detroit,Michigan,MI,12,,Rashida Tlaib
Shri,,,Thanedar,,Representative,HOUSE,Detroit,Michigan,MI,13,,Shri Thanedar
Brad,,,Finstad,,Representative,HOUSE,New Ulm,Minnesota,MN,1,,Brad Finstad
Angie,,,Craig,,Representative,HOUSE,Prior Lake,Minnesota,MN,2,,Angie Craig
Kelly,,,Morrison,,Representative,HOUSE,Wayzata,Minnesota,MN,3,,Kelly Morrison
Betty,,,McCollum,,Representative,HOUSE,St. Paul,Minnesota,MN,4,,Betty McCollum
Ilhan,,,Omar,,Representative,HOUSE,Minneapolis,Minnesota,MN,5,,Ilhan Omar
Tom,,,Emmer,,Representative,HOUSE,Delano,Minnesota,MN,6,,Tom Emmer
Michelle,,,Fischbach,,Representative,HOUSE,Regal,Minnesota,MN,7,,Michelle Fischbach
Pete,,,Stauber,,Representative,HOUSE,Hermantown,Minnesota,MN,8,,Pete Stauber
Trent,,,Kelly,,Representative,HOUSE,Saltillo,Mississippi,MS,1,,Trent Kelly
Bennie,G.,,Thompson,,Representative,HOUSE,Bolton,Mississippi,MS,2,,Bennie G. Thompson
Michael,,,Guest,,Representative,HOUSE,Brandon,Mississippi,MS,3,,Michael Guest
Mike,,,Ezell,,Representative,HOUSE,Pascagoula,Mississippi,MS,4,,Mike Ezell
Wesley,,,Bell,,Representative,HOUSE,St. Louis,Missouri,MO,1,,Wesley Bell
Ann,,,Wagner,,Representative,HOUSE,Ballwin,Missouri,MO,2,,Ann Wagner
Robert,F.,,Onder,Jr,Representative,HOUSE,Augusta,Missouri,MO,3,,"Robert F. Onder, Jr."
Mark,,,Alford,,Representative,HOUSE,Lake Winnebago,Missouri,MO,4,,Mark Alford
Emanuel,,,Cleaver,,Representative,HOUSE,Kansas City,Missouri,MO,5,,Emanuel Cleaver
Sam,,,Graves,,Representative,HOUSE,Tarkio,Missouri,MO,6,,Sam Graves
Eric,,,Burlison,,Representative,HOUSE,Ozark,Missouri,MO,7,,Eric Burlison
Jason,,,Smith,,Representative,HOUSE,Salem,Missouri,MO,8,,Jason Smith
Ryan,K.,,Zinke,,Representative,HOUSE,Whitefish,Montana,MT,1,,Ryan K. Zinke
Troy,,,Downing,,Representative,HOUSE,Helena,Montana,MT,2,,Troy Downing
Mike,,,Flood,,Representative,HOUSE,Norfolk,Nebraska,NE,1,,Mike Flood
Don,,,Bacon,,Representative,HOUSE,Papillion,Nebraska,NE,2,,Don Bacon
Adrian,,,Smith,,Representative,HOUSE,Gering,Nebraska,NE,3,,Adrian Smith
Dina,,,Titus,,Representative,HOUSE,Las Vegas,Nevada,NV,1,,Dina Titus
Mark,E.,,Amodei,,Representative,HOUSE,Carson City,Nevada,NV,2,,Mark E. Amodei
Susie,,,Lee,,Representative,HOUSE,Las Vegas,Nevada,NV,3,,Susie Lee
Steven,,,Horsford,,Representative,HOUSE,Las Vegas,Nevada,NV,4,,Steven Horsford
Chris,,,Pappas,,Representative,HOUSE,Manchester,New Hampshire,NH,1,,Chris Pappas
Maggie,,,Goodlander,,Representative,HOUSE,Nashua,New Hampshire,NH,2,,Maggie Goodlander
Donald,,,Norcross,,Representative,HOUSE,Camden City,New Jersey,NJ,1,,Donald Norcross
Jefferson,,,Van Drew,,Representative,HOUSE,Dennis Township,New Jersey,NJ,2,,Jefferson Van Drew
Herbert,C.,,Conaway,Jr,Representative,HOUSE,Delran,New Jersey,NJ,3,,"Herbert C. Conaway, Jr."
Christopher,H.,,Smith,,Representative,HOUSE,Manchester,New Jersey,NJ,4,,Christopher H. Smith
Josh,,,Gottheimer,,Representative,HOUSE,Wyckoff,New Jersey,NJ,5,,Josh Gottheimer
Frank,,,Pallone,Jr,Representative,HOUSE,Long Branch,New Jersey,NJ,6,,"Frank Pallone, Jr."
Thomas,H.,,Kean,Jr,Representative,HOUSE,Westfield,New Jersey,NJ,7,,"Thomas H. Kean, Jr."
Robert,,,Menendez,,Representative,HOUSE,Jersey City,New Jersey,NJ,8,,Robert Menendez
Nellie,,,Pou,,Representative,HOUSE,Borough of North Haledon,New Jersey,NJ,9,,Nellie Pou
LaMonica,,,McIver,,Representative,HOUSE,Newark,New Jersey,NJ,10,,LaMonica McIver
Mikie,,,Sherrill,,Representative,HOUSE,Montclair,New Jersey,NJ,11,,Mikie Sherrill
Bonnie,Watson,,Coleman,,Representative,HOUSE,Ewing Township,New Jersey,NJ,12,,Bonnie Watson Coleman
Melanie,A.,,Stansbury,,Representative,HOUSE,Albuquerque,New Mexico,NM,1,,Melanie A. Stansbury
Gabe,,,Vasquez,,Representative,HOUSE,Las Cruces,New Mexico,NM,2,,Gabe Vasquez
Teresa,Leger,,Fernandez,,Representative,HOUSE,Santa Fe,New Mexico,NM,3,,Teresa Leger Fernandez
Nick,,,LaLota,,Representative,HOUSE,Suffolk County,New York,NY,1,,Nick LaLota
Andrew,R.,,Garbarino,,Representative,HOUSE,Bayport,New York,NY,2,,Andrew R. Garbarino
Thomas,R.,,Suozzi,,Representative,HOUSE,Glen Cove,New York,NY,3,,Thomas R. Suozzi
Laura,,,Gillen,,Representative,HOUSE,Rockville Centre,New York,NY,4,,Laura Gillen
Gregory,W.,,Meeks,,Representative,HOUSE,Queens,New York,NY,5,,Gregory W. Meeks
Grace,,,Meng,,Representative,HOUSE,Queens,New York,NY,6,,Grace Meng
Nydia,M.,,Velázquez,,Representative,HOUSE,Brooklyn,New York,NY,7,,Nydia M. Velázquez
Hakeem,S.,,Jeffries,,Representative,HOUSE,Brooklyn,New York,NY,8,,Hakeem S. Jeffries
Yvette,D.,,Clarke,,Representative,HOUSE,Brooklyn,New York,NY,9,,Yvette D. Clarke
Daniel,S.,,Goldman,,Representative,HOUSE,New York,New York,NY,10,,Daniel S. Goldman
Nicole,,,Malliotakis,,Representative,HOUSE,Staten Island,New York,NY,11,,Nicole Malliotakis
Jerrold,,,Nadler,,Representative,HOUSE,New York,New York,NY,12,,Jerrold Nadler
Adriano,,,Espaillat,,Representative,HOUSE,New York,New York,NY,13,,Adriano Espaillat
Alexandria,,,Ocasio-Cortez,,Representative,HOUSE,East Elmhurst,New York,NY,14,,Alexandria Ocasio-Cortez
Ritchie,,,Torres,,Representative,HOUSE,Bronx,New York,NY,15,,Ritchie Torres
George,,,Latimer,,Representative,HOUSE,Rye,New York,NY,16,,George Latimer
Michael,,,Lawler,,Representative,HOUSE,Pearl River,New York,NY,17,,Michael Lawler
Patrick,,,Ryan,,Representative,HOUSE,Gardiner,New York,NY,18,,Patrick Ryan
Josh,,,Riley,,Representative,HOUSE,Ithaca,New York,NY,19,,Josh Riley
Paul,,,Tonko,,Representative,HOUSE,Amsterdam,New York,NY,20,,Paul Tonko
Elise,M.,,Stefanik,,Representative,HOUSE,Schuylerville,New York,NY,21,,Elise M. Stefanik
John,W.,,Mannion,,Representative,HOUSE,Geddes,New York,NY,22,,John W. Mannion
Nicholas,A.,,Langworthy,,Representative,HOUSE,Pendleton,New York,NY,23,,Nicholas A. Langworthy
Claudia,,,Tenney,,Representative,HOUSE,Canandaigua,New York,NY,24,,Claudia Tenney
Joseph,D.,,Morelle,,Representative,HOUSE,Irondequoit,New York,NY,25,,Joseph D. Morelle
Timothy,M.,,Kennedy,,Representative,HOUSE,Buffalo,New York,NY,26,,Timothy M. Kennedy
Donald,G.,,Davis,,Representative,HOUSE,Snow Hill,North Carolina,NC,1,,Donald G. Davis
Deborah,K.,,Ross,,Representative,HOUSE,Raleigh,North Carolina,NC,2,,Deborah K. Ross
Gregory,F.,,Murphy,,Representative,HOUSE,Greenville,North Carolina,NC,3,,Gregory F. Murphy
Valerie,P.,,Foushee,,Representative,HOUSE,Hillsborough,North Carolina,NC,4,,Valerie P. Foushee
Virginia,,,Foxx,,Representative,HOUSE,Banner Elk,North Carolina,NC,5,,Virginia Foxx
Addison,P.,,McDowell,,Representative,HOUSE,Advance,North Carolina,NC,6,,Addison P. McDowell
David,,,Rouzer,,Representative,HOUSE,Wilmington,North Carolina,NC,7,,David Rouzer
Mark,,,Harris,,Representative,HOUSE,Indian Trail,North Carolina,NC,8,,Mark Harris
Richard,,,Hudson,,Representative,HOUSE,Southern Pines,North Carolina,NC,9,,Richard Hudson
Pat,,,Harrigan,,Representative,HOUSE,Hickory,North Carolina,NC,10,,Pat Harrigan
Chuck,,,Edwards,,Representative,HOUSE,Flat Rock,North Carolina,NC,11,,Chuck Edwards
Alma,S.,,Adams,,Representative,HOUSE,Charlotte,North Carolina,NC,12,,Alma S. Adams
Brad,,,Knott,,Representative,HOUSE,Raleigh,North Carolina,NC,13,,Brad Knott
Tim,,,Moore,,Representative,HOUSE,Kings Mountain,North Carolina,NC,14,,Tim Moore
Julie,,,Fedorchak,,Representative,HOUSE,Mandan,North Dakota,ND,AL,,Julie Fedorchak
Greg,,,Landsman,,Representative,HOUSE,Cincinnati,Ohio,OH,1,,Greg Landsman
David,J.,,Taylor,,Representative,HOUSE,Amelia,Ohio,OH,2,,David J. Taylor
Joyce,,,Beatty,,Representative,HOUSE,Columbus,Ohio,OH,3,,Joyce Beatty
Jim,,,Jordan,,Representative,HOUSE,Urbana,Ohio,OH,4,,Jim Jordan
Robert,E.,,Latta,,Representative,HOUSE,Bowling Green,Ohio,OH,5,,Robert E. Latta
Michael,A.,,Rulli,,Representative,HOUSE,Salem,Ohio,OH,6,,Michael A. Rulli
Max,L.,,Miller,,Representative,HOUSE,Rocky River,Ohio,OH,7,,Max L. Miller
Warren,,,Davidson,,Representative,HOUSE,Troy,Ohio,OH,8,,Warren Davidson
Marcy,,,Kaptur,,Representative,HOUSE,Toledo,Ohio,OH,9,,Marcy Kaptur
Michael,R.,,Turner,,Representative,HOUSE,Dayton,Ohio,OH,10,,Michael R. Turner
Shontel,M.,,Brown,,Representative,HOUSE,Warrensville Heights,Ohio,OH,11,,Shontel M. Brown
Troy,,,Balderson,,Representative,HOUSE,Zanesville,Ohio,OH,12,,Troy Balderson
Emilia,Strong,,Sykes,,Representative,HOUSE,Akron,Ohio,OH,13,,Emilia Strong Sykes
David,P.,,Joyce,,Representative,HOUSE,South Russell Village,Ohio,OH,14,,David P. Joyce
Mike,,,Carey,,Representative,HOUSE,Columbus,Ohio,OH,15,,Mike Carey
Kevin,,,Hern,,Representative,HOUSE,Tulsa,Oklahoma,OK,1,,Kevin Hern
Josh,,,Brecheen,,Representative,HOUSE,Coalgate,Oklahoma,OK,2,,Josh Brecheen
Frank,D.,,Lucas,,Representative,HOUSE,Cheyenne,Oklahoma,OK,3,,Frank D. Lucas
Tom,,,Cole,,Representative,HOUSE,Moore,Oklahoma,OK,4,,Tom Cole
Stephanie,I.,,Bice,,Representative,HOUSE,Oklahoma City,Oklahoma,OK,5,,Stephanie I. Bice
Suzanne,,,Bonamici,,Representative,HOUSE,Washington County,Oregon,OR,1,,Suzanne Bonamici
Cliff,,,Bentz,,Representative,HOUSE,Ontario,Oregon,OR,2,,Cliff Bentz
Maxine,,,Dexter,,Representative,HOUSE,Portland,Oregon,OR,3,,Maxine Dexter
Val,T.,,Hoyle,,Representative,HOUSE,Springfield,Oregon,OR,4,,Val T. Hoyle
Janelle,S.,,Bynum,,Representative,HOUSE,Happy Valley,Oregon,OR,5,,Janelle S. Bynum
Andrea,,,Salinas,,Representative,HOUSE,Tigard,Oregon,OR,6,,Andrea Salinas
Brian,K.,,Fitzpatrick,,Representative,HOUSE,Levittown,Pennsylvania,PA,1,,Brian K. Fitzpatrick
Brendan,F.,,Boyle,,Representative,HOUSE,Philadelphia,Pennsylvania,PA,2,,Brendan F. Boyle
Dwight,,,Evans,,Representative,HOUSE,Philadelphia,Pennsylvania,PA,3,,Dwight Evans
Madeleine,,,Dean,,Representative,HOUSE,Bala Cynwyd,Pennsylvania,PA,4,,Madeleine Dean
Mary,Gay,,Scanlon,,Representative,HOUSE,Swarthmore,Pennsylvania,PA,5,,Mary Gay Scanlon
Chrissy,,,Houlahan,,Representative,HOUSE,Devon,Pennsylvania,PA,6,,Chrissy Houlahan
Ryan,,,Mackenzie,,Representative,HOUSE,Lower Macungie,Pennsylvania,PA,7,,Ryan Mackenzie
Robert,P.,,Bresnahan,Jr,Representative,HOUSE,Dallas Township,Pennsylvania,PA,8,,"Robert P. Bresnahan, Jr."
Daniel,,,Meuser,,Representative,HOUSE,Dallas,Pennsylvania,PA,9,,Daniel Meuser
Scott,,,Perry,,Representative,HOUSE,Dillsburg,Pennsylvania,PA,10,,Scott Perry
Lloyd,,,Smucker,,Representative,HOUSE,Lancaster,Pennsylvania,PA,11,,Lloyd Smucker
Summer,L.,,Lee,,Representative,HOUSE,Swissvale,Pennsylvania,PA,12,,Summer L. Lee
John,,,Joyce,,Representative,HOUSE,Hollidaysburg,Pennsylvania,PA,13,,John Joyce
Guy,,,Reschenthaler,,Representative,HOUSE,Peters Township,Pennsylvania,PA,14,,Guy Reschenthaler
Glenn,,,Thompson,,Representative,HOUSE,Howard,Pennsylvania,PA,15,,Glenn Thompson
Mike,,,Kelly,,Representative,HOUSE,Butler,Pennsylvania,PA,16,,Mike Kelly
Christopher,R.,,Deluzio,,Representative,HOUSE,Aspinwall,Pennsylvania,PA,17,,Christopher R. Deluzio
Gabe,,,Amo,,Representative,HOUSE,Providence,Rhode Island,RI,1,,Gabe Amo
Seth,,,Magaziner,,Representative,HOUSE,Cranston,Rhode Island,RI,2,,Seth Magaziner
Nancy,,,Mace,,Representative,HOUSE,Charleston,South Carolina,SC,1,,Nancy Mace
Joe,,,Wilson,,Representative,HOUSE,Springdale,South Carolina,SC,2,,Joe Wilson
Sheri,,,Biggs,,Representative,HOUSE,Salem,South Carolina,SC,3,,Sheri Biggs
William,R.,,Timmons,IV,Representative,HOUSE,Greenville,South Carolina,SC,4,,William R. Timmons IV
Ralph,,,Norman,,Representative,HOUSE,Rock Hill,South Carolina,SC,5,,Ralph Norman
James,E.,,Clyburn,,Representative,HOUSE,Columbia,South Carolina,SC,6,,James E. Clyburn
Russell,,,Fry,,Representative,HOUSE,Murrells Inlet,South Carolina,SC,7,,Russell Fry
Dusty,,,Johnson,,Representative,HOUSE,Mitchell,South Dakota,SD,AL,,Dusty Johnson
Diana,,,Harshbarger,,Representative,HOUSE,Kingsport,Tennessee,TN,1,,Diana Harshbarger
Tim,,,Burchett,,Representative,HOUSE,Knoxville,Tennessee,TN,2,,Tim Burchett
Charles,J.,Chuck,Fleischmann,,Representative,HOUSE,Chattanooga,Tennessee,TN,3,,Charles J. “Chuck” Fleischmann
Scott,,,DesJarlais,,Representative,HOUSE,Sherwood,Tennessee,TN,4,,Scott DesJarlais
Andrew,,,Ogles,,Representative,HOUSE,Columbia,Tennessee,TN,5,,Andrew Ogles
John,W.,,Rose,,Representative,HOUSE,Cookeville,Tennessee,TN,6,,John W. Rose
Mark,E.,,Green,,Representative,HOUSE,,Tennessee,TN,7,"Deceased July 20, 2025",Mark E. Green
David,,,Kustoff,,Representative,HOUSE,Germantown,Tennessee,TN,8,,David Kustoff
Steve,,,Cohen,,Representative,HOUSE,Memphis,Tennessee,TN,9,,Steve Cohen
Nathaniel,,,Moran,,Representative,HOUSE,Whitehouse,Texas,TX,1,,Nathaniel Moran
Dan,,,Crenshaw,,Representative,HOUSE,Humble,Texas,TX,2,,Dan Crenshaw
Keith,,,Self,,Representative,HOUSE,McKinney,Texas,TX,3,,Keith Self
Pat,,,Fallon,,Representative,HOUSE,Frisco,Texas,TX,4,,Pat Fallon
Lance,,,Gooden,,Representative,HOUSE,Terrell,Texas,TX,5,,Lance Gooden
Jake,,,Ellzey,,Representative,HOUSE,Midlothian,Texas,TX,6,,Jake Ellzey
Lizzie,,,Fletcher,,Representative,HOUSE,Houston,Texas,TX,7,,Lizzie Fletcher
Morgan,,,Luttrell,,Representative,HOUSE,Magnolia,Texas,TX,8,,Morgan Luttrell
Al,,,Green,,Representative,HOUSE,Houston,Texas,TX,9,,Al Green
Michael,T.,,McCaul,,Representative,HOUSE,Austin,Texas,TX,10,,Michael T. McCaul
August,,,Pfluger,,Representative,HOUSE,San Angelo,Texas,TX,11,,August Pfluger
Craig,A.,,Goldman,,Representative,HOUSE,Fort Worth,Texas,TX,12,,Craig A. Goldman
Ronny,,,Jackson,,Representative,HOUSE,Amarillo,Texas,TX,13,,Ronny Jackson
Randy,K.,,Weber,Sr,Representative,HOUSE,Friendswood,Texas,TX,14,,"Randy K. Weber, Sr."
Monica,,,De La Cruz,,Representative,HOUSE,McAllen,Texas,TX,15,,Monica De La Cruz
Veronica,,,Escobar,,Representative,HOUSE,El Paso,Texas,TX,16,,Veronica Escobar
Pete,,,Sessions,,Representative,HOUSE,Waco,Texas,TX,17,,Pete Sessions
Sylvester,,,Turner,,Representative,HOUSE,,Texas,TX,18,"Deceased March 5, 2025",Sylvester Turner
Jodey,C.,,Arrington,,Representative,HOUSE,Lubbock,Texas,TX,19,,Jodey C. Arrington
Joaquin,,,Castro,,Representative,HOUSE,San Antonio,Texas,TX,20,,Joaquin Castro
Chip,,,Roy,,Representative,HOUSE,Austin,Texas,TX,21,,Chip Roy
Troy,E.,,Nehls,,Representative,HOUSE,Richmond,Texas,TX,22,,Troy E. Nehls
Tony,,,Gonzales,,Representative,HOUSE,San Antonio,Texas,TX,23,,Tony Gonzales
Beth,,,Van Duyne,,Representative,HOUSE,Irving,Texas,TX,24,,Beth Van Duyne
Roger,,,Williams,,Representative,HOUSE,Weatherford,Texas,TX,25,,Roger Williams
Brandon,,,Gill,,Representative,HOUSE,Flower Mound,Texas,TX,26,,Brandon Gill
Michael,,,Cloud,,Representative,HOUSE,Victoria,Texas,TX,27,,Michael Cloud
Henry,,,Cuellar,,Representative,HOUSE,Laredo,Texas,TX,28,,Henry Cuellar
Sylvia,R.,,Garcia,,Representative,HOUSE,Houston,Texas,TX,29,,Sylvia R. Garcia
Jasmine,,,Crockett,,Representative,HOUSE,Dallas,Texas,TX,30,,Jasmine Crockett
John,R.,,Carter,,Representative,HOUSE,Round Rock,Texas,TX,31,,John R. Carter
Julie,,,Johnson,,Representative,HOUSE,Farmers Branch,Texas,TX,32,,Julie Johnson
Marc,A.,,Veasey,,Representative,HOUSE,Fort Worth,Texas,TX,33,,Marc A. Veasey
Vicente,,,Gonzalez,,Representative,HOUSE,McAllen,Texas,TX,34,,Vicente Gonzalez
Greg,,,Casar,,Representative,HOUSE,Austin,Texas,TX,35,,Greg Casar
Brian,,,Babin,,Representative,HOUSE,Woodville,Texas,TX,36,,Brian Babin
Lloyd,,,Doggett,,Representative,HOUSE,Austin,Texas,TX,37,,Lloyd Doggett
Wesley,,,Hunt,,Representative,HOUSE,Houston,Texas,TX,38,,Wesley Hunt
Blake,D.,,Moore,,Representative,HOUSE,Salt Lake City,Utah,UT,1,,Blake D. Moore
Celeste,,,Maloy,,Representative,HOUSE,Cedar City,Utah,UT,2,,Celeste Maloy
Mike,,,Kennedy,,Representative,HOUSE,Alpine,Utah,UT,3,,Mike Kennedy
Burgess,,,Owens,,Representative,HOUSE,Salt Lake City,Utah,UT,4,,Burgess Owens
Becca,,,Balint,,Representative,HOUSE,Brattleboro,Vermont,VT,AL,,Becca Balint
Robert,J.,,Wittman,,Representative,HOUSE,Montross,Virginia,VA,1,,Robert J. Wittman
Jennifer,A.,,Kiggans,,Representative,HOUSE,Virginia Beach,Virginia,VA,2,,Jennifer A. Kiggans
Robert,C.,Bobby,Scott,,Representative,HOUSE,Newport News,Virginia,VA,3,,Robert C. “Bobby” Scott
Jennifer,L.,,McClellan,,Representative,HOUSE,Richmond,Virginia,VA,4,,Jennifer L. McClellan
John,J.,,McGuire,III,Representative,HOUSE,Manakin-Sabot,Virginia,VA,5,,John J. McGuire III
Ben,,,Cline,,Representative,HOUSE,Botetourt,Virginia,VA,6,,Ben Cline
Eugene,Simon,,Vindman,,Representative,HOUSE,Dale City,Virginia,VA,7,,Eugene Simon Vindman
Donald,S.,,Beyer,Jr,Representative,HOUSE,Alexandria,Virginia,VA,8,,"Donald S. Beyer, Jr."
Morgan,,H. Morgan,Griffith,,Representative,HOUSE,Salem,Virginia,VA,9,,H. Morgan Griffith
Suhas,,,Subramanyam,,Representative,HOUSE,Loudoun County,Virginia,VA,10,,Suhas Subramanyam
James,R.,,Walkinshaw,,Representative,HOUSE,Fairfax County,Virginia,VA,11,,James R. Walkinshaw
Suzan,K.,,DelBene,,Representative,HOUSE,Medina,Washington,WA,1,,Suzan K. DelBene
Rick,,,Larsen,,Representative,HOUSE,Everett,Washington,WA,2,,Rick Larsen
Marie,,,Gluesenkamp Perez,,Representative,HOUSE,Skamania County,Washington,WA,3,,Marie Gluesenkamp Perez
Dan,,,Newhouse,,Representative,HOUSE,Sunnyside,Washington,WA,4,,Dan Newhouse
Michael,,,Baumgartner,,Representative,HOUSE,Spokane,Washington,WA,5,,Michael Baumgartner
Emily,,,Randall,,Representative,HOUSE,Bremerton,Washington,WA,6,,Emily Randall
Pramila,,,Jayapal,,Representative,HOUSE,Seattle,Washington,WA,7,,Pramila Jayapal
Kim,,,Schrier,,Representative,HOUSE,Sammamish,Washington,WA,8,,Kim Schrier
Adam,,,Smith,,Representative,HOUSE,Bellevue,Washington,WA,9,,Adam Smith
Marilyn,,,Strickland,,Representative,HOUSE,Tacoma,Washington,WA,10,,Marilyn Strickland
Carol,D.,,Miller,,Representative,HOUSE,Huntington,West Virginia,WV,1,,Carol D. Miller
Riley,M.,,Moore,,Representative,HOUSE,Harpers Ferry,West Virginia,WV,2,,Riley M. Moore
Bryan,,,Steil,,Representative,HOUSE,Janesville,Wisconsin,WI,1,,Bryan Steil
Mark,,,Pocan,,Representative,HOUSE,Town of Vermont,Wisconsin,WI,2,,Mark Pocan
Derrick,,,Van Orden,,Representative,HOUSE,Prairie du Chien,Wisconsin,WI,3,,Derrick Van Orden
Gwen,,,Moore,,Representative,HOUSE,Milwaukee,Wisconsin,WI,4,,Gwen Moore
Scott,,,Fitzgerald,,Representative,HOUSE,Clyman,Wisconsin,WI,5,,Scott Fitzgerald
Glenn,,,Grothman,,Representative,HOUSE,Glenbeulah,Wisconsin,WI,6,,Glenn Grothman
Thomas,P.,,Tiffany,,Representative,HOUSE,Minocqua,Wisconsin,WI,7,,Thomas P. Tiffany
Tony,,,Wied,,Representative,HOUSE,De Pere,Wisconsin,WI,8,,Tony Wied
Harriet,M.,,Hageman,,Representative,HOUSE,Cheyenne,Wyoming,WY,AL,,Harriet M. Hageman
Pablo,José,,Hernández,,Resident Commissioner,HOUSE,San Juan,Puerto Rico,PR,,,Pablo José Hernández
Aumua,Amata,,Coleman Radewagen,,Delegate,HOUSE,Pago Pago,American Samoa,AS,,,Aumua Amata Coleman Radewagen
Eleanor,,,Holmes Norton,,Delegate,HOUSE,District of Columbia,District Of Columbia,DC,,,Eleanor Holmes Norton
James,C.,,Moylan,,Delegate,HOUSE,Tumon,Guam,GU,,,James C. Moylan
Kimberlyn,,,King-Hinds,,Delegate,HOUSE,Tinian,Northern Mariana Islands,MP,,,Kimberlyn King-Hinds
Stacey,E.,,Plaskett,,Delegate,HOUSE,St. Croix,Virgin Islands,VI,,,Stacey E. Plaskett
Tommy,,,Tuberville,,Senator,SENATE,,Alabama,AL,,,Tommy Tuberville
Katie,,,Britt,,Senator,SENATE,,Alabama,AL,,,Katie Britt
Lisa,,,Murkowski,,Senator,SENATE,,Alaska,AK,,,Lisa Murkowski
Dan,,,Sullivan,,Senator,SENATE,,Alaska,AK,,,Dan Sullivan
Mark,,,Kelly,,Senator,SENATE,,Arizona,AZ,,,Mark Kelly
Ruben,,,Gallego,,Senator,SENATE,,Arizona,AZ,,,Ruben Gallego
John,,,Boozman,,Senator,SENATE,,Arkansas,AR,,,John Boozman
Tom,,,Cotton,,Senator,SENATE,,Arkansas,AR,,,Tom Cotton
Alex,,,Padilla,,Senator,SENATE,,California,CA,,,Alex Padilla
Adam,B.,,Schiff,,Senator,SENATE,,California,CA,,,Adam B. Schiff
Michael,F.,,Bennet,,Senator,SENATE,,Colorado,CO,,,Michael F. Bennet
John,W.,,Hickenlooper,,Senator,SENATE,,Colorado,CO,,,John W. Hickenlooper
Richard,,,Blumenthal,,Senator,SENATE,,Connecticut,CT,,,Richard Blumenthal
Christopher,,,Murphy,,Senator,SENATE,,Connecticut,CT,,,Christopher Murphy
Christopher,A.,,Coons,,Senator,SENATE,,Delaware,DE,,,Christopher A. Coons
Lisa,Blunt,,Rochester,,Senator,SENATE,,Delaware,DE,,,Lisa Blunt Rochester
Rick,,,Scott,,Senator,SENATE,,Florida,FL,,,Rick Scott
Ashley,,,Moody,,Senator,SENATE,,Florida,FL,,,Ashley Moody
Jon,,,Ossoff,,Senator,SENATE,,Georgia,GA,,,Jon Ossoff
Raphael,G.,,Warnock,,Senator,SENATE,,Georgia,GA,,,Raphael G. Warnock
Brian,,,Schatz,,Senator,SENATE,,Hawaii,HI,,,Brian Schatz
Mazie,K.,,Hirono,,Senator,SENATE,,Hawaii,HI,,,Mazie K. Hirono
Mike,,,Crapo,,Senator,SENATE,,Idaho,ID,,,Mike Crapo
James,E.,,Risch,,Senator,SENATE,,Idaho,ID,,,James E. Risch
Richard,J.,,Durbin,,Senator,SENATE,,Illinois,IL,,,Richard J. Durbin
Tammy,,,Duckworth,,Senator,SENATE,,Illinois,IL,,,Tammy Duckworth
Todd,,,Young,,Senator,SENATE,,Indiana,IN,,,Todd Young
Jim,,,Banks,,Senator,SENATE,,Indiana,IN,,,Jim Banks
Chuck,,,Grassley,,Senator,SENATE,,Iowa,IA,,,Chuck Grassley
Joni,,,Ernst,,Senator,SENATE,,Iowa,IA,,,Joni Ernst
Jerry,,,Moran,,Senator,SENATE,,Kansas,KS,,,Jerry Moran
Roger,,,Marshall,,Senator,SENATE,,Kansas,KS,,,Roger Marshall
Mitch,,,McConnell,,Senator,SENATE,,Kentucky,KY,,,Mitch McConnell
Rand,,,Paul,,Senator,SENATE,,Kentucky,KY,,,Rand Paul
Bill,,,Cassidy,,Senator,SENATE,,Louisiana,LA,,,Bill Cassidy
John,,,Kennedy,,Senator,SENATE,,Louisiana,LA,,,John Kennedy
Susan,M.,,Collins,,Senator,SENATE,,Maine,ME,,,Susan M. Collins
ANGUS,S.,,KING,JR,Senator,SENATE,,Maine,ME,,,"ANGUS S. KING, JR."
Chris,,,Van Hollen,,Senator,SENATE,,Maryland,MD,,,Chris Van Hollen
Angela,D.,,Alsobrooks,,Senator,SENATE,,Maryland,MD,,,Angela D. Alsobrooks
Elizabeth,,,Warren,,Senator,SENATE,,Massachusetts,MA,,,Elizabeth Warren
Edward,J.,,Markey,,Senator,SENATE,,Massachusetts,MA,,,Edward J. Markey
Gary,C.,,Peters,,Senator,SENATE,,Michigan,MI,,,Gary C. Peters
Elissa,,,Slotkin,,Senator,SENATE,,Michigan,MI,,,Elissa Slotkin
Amy,,,Klobuchar,,Senator,SENATE,,Minnesota,MN,,,Amy Klobuchar
Tina,,,Smith,,Senator,SENATE,,Minnesota,MN,,,Tina Smith
Roger,F.,,Wicker,,Senator,SENATE,,Mississippi,MS,,,Roger F. Wicker
Cindy,,,Hyde-Smith,,Senator,SENATE,,Mississippi,MS,,,Cindy Hyde-Smith
Josh,,,Hawley,,Senator,SENATE,,Missouri,MO,,,Josh Hawley
Eric,,,Schmitt,,Senator,SENATE,,Missouri,MO,,,Eric Schmitt
Steve,,,Daines,,Senator,SENATE,,Montana,MT,,,Steve Daines
Tim,,,Sheehy,,Senator,SENATE,,Montana,MT,,,Tim Sheehy
Deb,,,Fischer,,Senator,SENATE,,Nebraska,NE,,,Deb Fischer
Pete,,,Ricketts,,Senator,SENATE,,Nebraska,NE,,,Pete Ricketts
Catherine,,,Cortez Masto,,Senator,SENATE,,Nevada,NV,,,Catherine Cortez Masto
Jacky,,,Rosen,,Senator,SENATE,,Nevada,NV,,,Jacky Rosen
Jeanne,,,Shaheen,,Senator,SENATE,,New Hampshire,NH,,,Jeanne Shaheen
Maggie,,,Hassan,,Senator,SENATE,,New Hampshire,NH,,,Maggie Hassan
Cory,A.,,Booker,,Senator,SENATE,,New Jersey,NJ,,,Cory A. Booker
Andy,,,Kim,,Senator,SENATE,,New Jersey,NJ,,,Andy Kim
Martin,,,Heinrich,,Senator,SENATE,,New Mexico,NM,,,Martin Heinrich
Ben,Ray,,Luján,,Senator,SENATE,,New Mexico,NM,,,Ben Ray Luján
Charles,E.,,Schumer,,Senator,SENATE,,New York,NY,,,Charles E. Schumer
Kirsten,E.,,Gillibrand,,Senator,SENATE,,New York,NY,,,Kirsten E. Gillibrand
Thom,,,Tillis,,Senator,SENATE,,North Carolina,NC,,,Thom Tillis
Ted,,,Budd,,Senator,SENATE,,North Carolina,NC,,,Ted Budd
John,,,Hoeven,,Senator,SENATE,,North Dakota,ND,,,John Hoeven
Kevin,,,Cramer,,Senator,SENATE,,North Dakota,ND,,,Kevin Cramer
Bernie,,,Moreno,,Senator,SENATE,,Ohio,OH,,,Bernie Moreno
Jon,,,Husted,,Senator,SENATE,,Ohio,OH,,,Jon Husted
James,,,Lankford,,Senator,SENATE,,Oklahoma,OK,,,James Lankford
Markwayne,,,Mullin,,Senator,SENATE,,Oklahoma,OK,,,Markwayne Mullin
Ron,,,Wyden,,Senator,SENATE,,Oregon,OR,,,Ron Wyden
Jeff,,,Merkley,,Senator,SENATE,,Oregon,OR,,,Jeff Merkley
John,,,Fetterman,,Senator,SENATE,,Pennsylvania,PA,,,John Fetterman
David,,,McCormick,,Senator,SENATE,,Pennsylvania,PA,,,David McCormick
Jack,,,Reed,,Senator,SENATE,,Rhode Island,RI,,,Jack Reed
Sheldon,,,Whitehouse,,Senator,SENATE,,Rhode Island,RI,,,Sheldon Whitehouse
Lindsey,,,Graham,,Senator,SENATE,,South Carolina,SC,,,Lindsey Graham
Tim,,,Scott,,Senator,SENATE,,South Carolina,SC,,,Tim Scott
John,,,Thune,,Senator,SENATE,,South Dakota,SD,,,John Thune
Mike,,,Rounds,,Senator,SENATE,,South Dakota,SD,,,Mike Rounds
Marsha,,,Blackburn,,Senator,SENATE,,Tennessee,TN,,,Marsha Blackburn
Bill,,,Hagerty,,Senator,SENATE,,Tennessee,TN,,,Bill Hagerty
John,,,Cornyn,,Senator,SENATE,,Texas,TX,,,John Cornyn
Ted,,,Cruz,,Senator,SENATE,,Texas,TX,,,Ted Cruz
Mike,,,Lee,,Senator,SENATE,,Utah,UT,,,Mike Lee
John,R.,,Curtis,,Senator,SENATE,,Utah,UT,,,John R. Curtis
BERNARD,,,SANDERS,,Senator,SENATE,,Vermont,VT,,,BERNARD SANDERS
Peter,,,Welch,,Senator,SENATE,,Vermont,VT,,,Peter Welch
Mark,R.,,Warner,,Senator,SENATE,,Virginia,VA,,,Mark R. Warner
Tim,,,Kaine,,Senator,SENATE,,Virginia,VA,,,Tim Kaine
Patty,,,Murray,,Senator,SENATE,,Washington,WA,,,Patty Murray
Maria,,,Cantwell,,Senator,SENATE,,Washington,WA,,,Maria Cantwell
Shelley,Moore,,Capito,,Senator,SENATE,,West Virginia,WV,,,Shelley Moore Capito
Jim,,,Justice,,Senator,SENATE,,West Virginia,WV,,,Jim Justice
Ron,,,Johnson,,Senator,SENATE,,Wisconsin,WI,,,Ron Johnson
Tammy,,,Baldwin,,Senator,SENATE,,Wisconsin,WI,,,Tammy Baldwin
John,,,Barrasso,,Senator,SENATE,,Wyoming,WY,,,John Barrasso
Cynthia,M.,,Lummis,,Senator,SENATE,,Wyoming,WY,,,Cynthia M. Lummis
