first_name,last_name,name_slug,bioguide_id,,,,,
Alma,Adams,alma-adams,A000370,,https://www.quiverquant.com/congresstrading/politician/Tom%20S.%20Barrett-B001312,,,
Robert,Aderholt,robert-aderholt,A000055,,,,,
Pete,Aguilar,pete-aguilar,A000371,,,,,
Mark,Alford,mark-alford,A000379,,,,,
Rick,Allen,rick-allen,A000372,,,,,
Angela,Alsobrooks,angela-alsobrooks,A000382,,,,,
Gabe,Amo,gabe-amo,A000380,,,,,
Mark,Amodei,mark-amodei,A000369,,,,,
Yassamin,Ansari,yassamin-ansari,A000381,,,,,
Jodey,Arrington,jodey-arrington,A000375,,,,,
Jake,Auchincloss,jake-auchincloss,A000148,,,,,
Brian,Babin,brian-babin,B001291,,,,,
Don,Bacon,don-bacon,B001298,,,,,
James,Baird,james-baird,B001307,,,,,
Troy,Balderson,troy-balderson,B001306,,,,,
Tammy,Baldwin,tammy-baldwin,B001230,,,,,
Becca,Balint,becca-balint,B001318,,,,,
Jim,Banks,jim-banks,B001299,,,,,
Andy,Barr,andy-barr,B001282,,,,,
Nanette,Barrag�n,nanette-barragan,B001300,,,,,
John,Barrasso,john-barrasso,B001261,,,,,
Tom,Barrett,tom-barrett,B001321,,,,,
Michael,Baumgartner,michael-baumgartner,B001322,,,,,
Aaron,Bean,aaron-bean,B001314,,,,,
Joyce,Beatty,joyce-beatty,B001281,,,,,
Nicholas,Begich,nicholas-begich,B001323,,,,,
Wesley,Bell,wesley-bell,B001324,,,,,
Michael,Bennet,michael-bennet,B001267,,,,,
Cliff,Bentz,cliff-bentz,B000668,,,,,
Ami,Bera,ami-bera,B001287,,,,,
Jack,Bergman,jack-bergman,B001301,,,,,
Donald,Beyer,donald-beyer,B001292,,,,,
Stephanie,Bice,stephanie-bice,B000740,,,,,
Sheri,Biggs,sheri-biggs,B001325,,,,,
Andy,Biggs,andy-biggs,B001302,,https://www.quiverquant.com/congresstrading/politician/Andy%20S.%20Biggs-B001302/,,,
Gus,Bilirakis,gus-bilirakis,B001257,,,,,
Sanford,Bishop,sanford-bishop,B000490,,,,,
Marsha,Blackburn,marsha-blackburn,B001243,,,,,
Richard,Blumenthal,richard-blumenthal,B001277,,,,,
Lisa,Blunt Rochester,lisa-blunt-rochester,B001303,,,,,
Lauren,Boebert,lauren-boebert,B000825,,,,,
Suzanne,Bonamici,suzanne-bonamici,B001278,,,,,
Cory,Booker,cory-booker,B001288,,,,,
John,Boozman,john-boozman,B001236,,,,,
Mike,Bost,mike-bost,B001295,,,,,
Brendan,Boyle,brendan-boyle,B001296,,,,,
Josh,Brecheen,josh-brecheen,B001317,,,,,
Robert,Bresnahan,robert-bresnahan,B001327,,,,,
Katie,Britt,katie-britt,B001319,,,,,
Shontel,Brown,shontel-brown,B001313,,,,,
Julia,Brownley,julia-brownley,B001285,,,,,
Vern,Buchanan,vern-buchanan,B001260,,,,,
Ted,Budd,ted-budd,B001305,,,,,
Nikki,Budzinski,nikki-budzinski,B001315,,,,,
Tim,Burchett,tim-burchett,B001309,,,,,
Eric,Burlison,eric-burlison,B001316,,,,,
Janelle,Bynum,janelle-bynum,B001326,,,,,
Ken,Calvert,ken-calvert,C000059,,,,,
Kat,Cammack,kat-cammack,C001039,,,,,
Maria,Cantwell,maria-cantwell,C000127,,,,,
Shelley,Capito,shelley-capito,C001047,,,,,
Salud,Carbajal,salud-carbajal,C001112,,,,,
Mike,Carey,mike-carey,C001126,,,,,
Andr�,Carson,andre-carson,C001072,,,,,
Earl,Carter,earl-carter,C001103,,,,,
Troy,Carter,troy-carter,C001125,,,,,
John,Carter,john-carter,C001051,,,,,
Greg,Casar,greg-casar,C001131,,,,,
Ed,Case,ed-case,C001055,,,,,
Bill,Cassidy,bill-cassidy,C001075,,,,,
Sean,Casten,sean-casten,C001117,,,,,
Kathy,Castor,kathy-castor,C001066,,,,,
Joaquin,Castro,joaquin-castro,C001091,,,,,
Sheila,Cherfilus-McCormick,sheila-cherfilus-mccormick,C001127,,,,,
Judy,Chu,judy-chu,C001080,,,,,
Juan,Ciscomani,juan-ciscomani,C001133,,,,,
Gilbert,Cisneros,gilbert-cisneros,C001123,,,,,
Katherine,Clark,katherine-clark,C001101,,,,,
Yvette,Clarke,yvette-clarke,C001067,,,,,
Emanuel,Cleaver,emanuel-cleaver,C001061,,,,,
Ben,Cline,ben-cline,C001118,,,,,
Michael,Cloud,michael-cloud,C001115,,,,,
James,Clyburn,james-clyburn,C000537,,,,,
Andrew,Clyde,andrew-clyde,C001116,,,,,
Steve,Cohen,steve-cohen,C001068,,,,,
Tom,Cole,tom-cole,C001053,,,,,
Aumua,Coleman Radewagen,aumua-amata-radewagen,R000600,,,,,
Mike,Collins,mike-collins,C001129,,,,,
Susan,Collins,susan-collins,C001035,,,,,
James,Comer,james-comer,C001108,,,,,
Herbert,Conaway,herbert-conaway,C001136,,,,,
Gerald,Connolly,gerald-connolly,C001078,,,,,
Christopher,Coons,christopher-coons,C001088,,,,,
John,Cornyn,john-cornyn,C001056,,,,,
J.,Correa,j-correa,C001110,,,,,
Catherine,Cortez Masto,catherine-cortez-masto,C001113,,,,,
Jim,Costa,jim-costa,C001059,,,,,
Tom,Cotton,tom-cotton,C001095,,,,,
Joe,Courtney,joe-courtney,C001069,,,,,
Angie,Craig,angie-craig,C001119,,,,,
Kevin,Cramer,kevin-cramer,C001096,,,,,
Elijah,Crane,elijah-crane,C001132,,,,,
Jeff,Crank,jeff-crank,C001137,,,,,
Mike,Crapo,mike-crapo,C000880,,,,,
Eric,Crawford,eric-crawford,C001087,,,,,
Dan,Crenshaw,dan-crenshaw,C001120,,,,,
Jasmine,Crockett,jasmine-crockett,C001130,,,,,
Jason,Crow,jason-crow,C001121,,,,,
Ted,Cruz,ted-cruz,C001098,,,,,
Henry,Cuellar,henry-cuellar,C001063,,,,,
John,Curtis,john-curtis,C001114,,,,,
Steve,Daines,steve-daines,D000618,,,,,
Sharice,Davids,sharice-davids,D000629,,,,,
Warren,Davidson,warren-davidson,D000626,,,,,
Donald,Davis,donald-davis,D000230,,,,,
Danny,Davis,danny-davis,D000096,,,,,
Monica,De La Cruz,monica-de-la-cruz,D000594,,,,,
Madeleine,Dean,madeleine-dean,D000631,,,,,
Diana,DeGette,diana-degette,D000197,,,,,
Rosa,DeLauro,rosa-delauro,D000216,,,,,
Suzan,DelBene,suzan-delbene,D000617,,,,,
Christopher,Deluzio,christopher-deluzio,D000530,,,,,
Mark,DeSaulnier,mark-desaulnier,D000623,,,,,
Scott,DesJarlais,scott-desjarlais,D000616,,,,,
Maxine,Dexter,maxine-dexter,D000635,,,,,
Mario,Diaz-Balart,mario-diaz-balart,D000600,,,,,
Debbie,Dingell,debbie-dingell,D000624,,,,,
Lloyd,Doggett,lloyd-doggett,D000399,,,,,
Byron,Donalds,byron-donalds,D000032,,,,,
Troy,Downing,troy-downing,D000634,,,,,
Tammy,Duckworth,tammy-duckworth,D000622,,,,,
Neal,Dunn,neal-dunn,D000628,,,,,
Richard,Durbin,richard-durbin,D000563,,,,,
Chuck,Edwards,chuck-edwards,E000246,,,,,
Sarah,Elfreth,sarah-elfreth,E000301,,,,,
Jake,Ellzey,jake-ellzey,E000071,,,,,
Tom,Emmer,tom-emmer,E000294,,,,,
Joni,Ernst,joni-ernst,E000295,,,,,
Veronica,Escobar,veronica-escobar,E000299,,,,,
Adriano,Espaillat,adriano-espaillat,E000297,,,,,
Ron,Estes,ron-estes,E000298,,,,,
Dwight,Evans,dwight-evans,E000296,,,,,
Gabe,Evans,gabe-evans,E000300,,,,,
Mike,Ezell,mike-ezell,E000235,,,,,
Pat,Fallon,pat-fallon,F000246,,,,,
Julie,Fedorchak,julie-fedorchak,F000482,,,,,
Randy,Feenstra,randy-feenstra,F000446,,,,,
John,Fetterman,john-fetterman,F000479,,,,,
Cleo,Fields,cleo-fields,F000110,,,,,
Shomari,Figures,shomari-figures,F000481,,,,,
Randy,Fine,randy-fine,F000484,,,,,
Brad,Finstad,brad-finstad,F000475,,,,,
Michelle,Fischbach,michelle-fischbach,F000470,,,,,
Deb,Fischer,deb-fischer,F000463,,,,,
Scott,Fitzgerald,scott-fitzgerald,F000471,,,,,
Brian,Fitzpatrick,brian-fitzpatrick,F000466,,,,,
Charles,Fleischmann,charles-fleischmann,F000459,,,,,
Lizzie,Fletcher,lizzie-fletcher,F000468,,,,,
Mike,Flood,mike-flood,F000474,,,,,
Vince,Fong,vince-fong,F000480,,,,,
Bill,Foster,bill-foster,F000454,,,,,
Valerie,Foushee,valerie-foushee,F000477,,,,,
Virginia,Foxx,virginia-foxx,F000450,,,,,
Lois,Frankel,lois-frankel,F000462,,,,,
Scott,Franklin,scott-franklin,F000472,,,,,
Laura,Friedman,laura-friedman,F000483,,,,,
Maxwell,Frost,maxwell-frost,F000476,,,,,
Russell,Fry,russell-fry,F000478,,,,,
Russ,Fulcher,russ-fulcher,F000469,,,,,
Ruben,Gallego,ruben-gallego,G000574,,,,,
John,Garamendi,john-garamendi,G000559,,,,,
Andrew,Garbarino,andrew-garbarino,G000597,,,,,
Sylvia,Garcia,sylvia-garcia,G000587,,,,,
Robert,Garcia,robert-garcia,G000598,,,,,
Jes�s,Garc�a,jesus-garcia,G000586,,,,,
Brandon,Gill,brandon-gill,G000603,,,,,
Laura,Gillen,laura-gillen,G000602,,,,,
Kirsten,Gillibrand,kirsten-gillibrand,G000555,,,,,
Carlos,Gimenez,carlos-gimenez,G000593,,,,,
Jared,Golden,jared-golden,G000592,,,,,
Daniel,Goldman,daniel-goldman,G000599,,,,,
Craig,Goldman,craig-goldman,G000601,,,,,
Jimmy,Gomez,jimmy-gomez,G000585,,,,,
Tony,Gonzales,tony-gonzales,G000594,,,,,
Vicente,Gonzalez,vicente-gonzalez,G000581,,,,,
Lance,Gooden,lance-gooden,G000589,,,,,
Maggie,Goodlander,maggie-goodlander,G000604,,,,,
Paul,Gosar,paul-gosar,G000565,,,,,
Josh,Gottheimer,josh-gottheimer,G000583,,,,,
Lindsey,Graham,lindsey-graham,G000359,,,,,
Chuck,Grassley,chuck-grassley,G000386,,,,,
Sam,Graves,sam-graves,G000546,,,,,
Adam,Gray,adam-gray,G000605,,,,,
Mark,Green,mark-green,G000590,,,,,
Al,Green,al-green,G000553,,,,,
Marjorie,Greene,marjorie-greene,G000596,,,,,
H.,Griffith,h-griffith,G000568,,,,,
Ra�l,Grijalva,raul-grijalva,G000551,,,,,
Glenn,Grothman,glenn-grothman,G000576,,,,,
Michael,Guest,michael-guest,G000591,,,,,
Brett,Guthrie,brett-guthrie,G000558,,,,,
Harriet,Hageman,harriet-hageman,H001096,,,,,
Bill,Hagerty,bill-hagerty,H000601,,,,,
Abraham,Hamadeh,abraham-hamadeh,H001098,,,,,
Josh,Harder,josh-harder,H001090,,,,,
Mike,Haridopolos,mike-haridopolos,H001099,,,,,
Pat,Harrigan,pat-harrigan,H001101,,,,,
Andy,Harris,andy-harris,H001052,,,,,
Mark,Harris,mark-harris,H001102,,,,,
Diana,Harshbarger,diana-harshbarger,H001086,,,,,
Margaret,Hassan,maggie-hassan,H001076,,,,,
Josh,Hawley,josh-hawley,H001089,,,,,
Jahana,Hayes,jahana-hayes,H001081,,,,,
Martin,Heinrich,martin-heinrich,H001046,,,,,
Kevin,Hern,kevin-hern,H001082,,,,,
Pablo,Hern�ndez,pablo-hernandez,H001103,,,,,
John,Hickenlooper,john-hickenlooper,H000273,,,,,
Clay,Higgins,clay-higgins,H001077,,,,,
J.,Hill,j-hill,H001072,,,,,
James,Himes,james-himes,H001047,,,,,
Ashley,Hinson,ashley-hinson,H001091,,,,,
Mazie,Hirono,mazie-hirono,H001042,,,,,
John,Hoeven,john-hoeven,H001061,,,,,
Steven,Horsford,steven-horsford,H001066,,,,,
Erin,Houchin,erin-houchin,H001093,,,,,
Chrissy,Houlahan,chrissy-houlahan,H001085,,,,,
Steny,Hoyer,steny-hoyer,H000874,,,,,
Val,Hoyle,val-hoyle,H001094,,,,,
Richard,Hudson,richard-hudson,H001067,,,,,
Jared,Huffman,jared-huffman,H001068,,,,,
Bill,Huizenga,bill-huizenga,H001058,,,,,
Wesley,Hunt,wesley-hunt,H001095,,,,,
Jeff,Hurd,jeff-hurd,H001100,,,,,
Jon,Husted,jon-husted,H001104,,,,,
Cindy,Hyde-Smith,cindy-hyde-smith,H001079,,,,,
Darrell,Issa,darrell-issa,I000056,,,,,
Glenn,Ivey,glenn-ivey,I000058,,,,,
Brian,Jack,brian-jack,J000311,,,,,
Jonathan,Jackson,jonathan-jackson,J000309,,,,,
Ronny,Jackson,ronny-jackson,J000304,,,,,
Sara,Jacobs,sara-jacobs,J000305,,,,,
John,James,john-james,J000307,,,,,
Pramila,Jayapal,pramila-jayapal,J000298,,,,,
Hakeem,Jeffries,hakeem-jeffries,J000294,,,,,
Henry,Johnson,henry-johnson,J000288,,,,,
Mike,Johnson,mike-johnson,J000299,,,,,
Julie,Johnson,julie-johnson,J000310,,,,,
Dusty,Johnson,dusty-johnson,J000301,,,,,
Ron,Johnson,ron-johnson,J000293,,,,,
Jim,Jordan,jim-jordan,J000289,,,,,
John,Joyce,john-joyce,J000302,,,,,
David,Joyce,david-joyce,J000295,,,,,
James,Justice,james-justice,J000312,,,,,
Tim,Kaine,timothy-kaine,K000384,,,,,
Sydney,Kamlager-Dove,sydney-kamlager-dove,K000400,,,,,
Marcy,Kaptur,marcy-kaptur,K000009,,,,,
Thomas,Kean,thomas-kean,K000398,,,,,
William,Keating,william-keating,K000375,,,,,
Trent,Kelly,trent-kelly,K000388,,,,,
Robin,Kelly,robin-kelly,K000385,,,,,
Mike,Kelly,mike-kelly,K000376,,,,,
Mark,Kelly,mark-kelly,K000377,,,,,
Mike,Kennedy,mike-kennedy,K000403,,,,,
Timothy,Kennedy,timothy-kennedy,K000402,,,,,
John,Kennedy,john-kennedy,K000393,,,,,
Ro,Khanna,ro-khanna,K000389,,,,,
Jennifer,Kiggans,jennifer-kiggans,K000399,,,,,
Kevin,Kiley,kevin-kiley,K000401,,,,,
Young,Kim,young-kim,K000397,,,,,
Andy,Kim,andy-kim,K000394,,,,,
Angus,King,angus-king,K000383,,,,,
Kimberlyn,King-Hinds,kimberlyn-king-hinds,K000404,,,,,
Amy,Klobuchar,amy-klobuchar,K000367,,,,,
Brad,Knott,brad-knott,K000405,,,,,
Raja,Krishnamoorthi,raja-krishnamoorthi,K000391,,,,,
David,Kustoff,david-kustoff,K000392,,,,,
Darin,LaHood,darin-lahood,L000585,,,,,
Nick,LaLota,nick-lalota,L000598,,,,,
Doug,LaMalfa,doug-lamalfa,L000578,,,,,
Greg,Landsman,greg-landsman,L000601,,,,,
Nicholas,Langworthy,nicholas-langworthy,L000600,,,,,
James,Lankford,james-lankford,L000575,,,,,
Rick,Larsen,rick-larsen,L000560,,,,,
John,Larson,john-larson,L000557,,,,,
George,Latimer,george-latimer,L000606,,,,,
Robert,Latta,robert-latta,L000566,,,,,
Michael,Lawler,michael-lawler,L000599,,,,,
Susie,Lee,susie-lee,L000590,,,,,
Summer,Lee,summer-lee,L000602,,,,,
Laurel,Lee,laurel-lee,L000597,,,,,
Mike,Lee,mike-lee,L000577,,,,,
Teresa,Leger Fernandez,teresa-leger-fernandez,L000273,,,,,
Julia,Letlow,julia-letlow,L000595,,,,,
Mike,Levin,mike-levin,L000593,,,,,
Sam,Liccardo,sam-liccardo,L000607,,,,,
Ted,Lieu,ted-lieu,L000582,,,,,
Zoe,Lofgren,zoe-lofgren,L000397,,,,,
Barry,Loudermilk,barry-loudermilk,L000583,,,,,
Frank,Lucas,frank-lucas,L000491,,,,,
Ben,Luj�n,ben-lujan,L000570,,,,,
Cynthia,Lummis,cynthia-lummis,L000571,,,,,
Anna,Luna,anna-paulina-luna,L000596,,,,,
Morgan,Luttrell,morgan-luttrell,L000603,,,,,
Stephen,Lynch,stephen-lynch,L000562,,,,,
Nancy,Mace,nancy-mace,M000194,,,,,
Ryan,Mackenzie,ryan-mackenzie,M001230,,,,,
Seth,Magaziner,seth-magaziner,M001223,,,,,
Nicole,Malliotakis,nicole-malliotakis,M000317,,,,,
Celeste,Maloy,celeste-maloy,M001228,,,,,
Tracey,Mann,tracey-mann,M000871,,,,,
John,Mannion,john-mannion,M001231,,,,,
Edward,Markey,edward-markey,M000133,,,,,
Roger,Marshall,roger-marshall,M001198,,,,,
Thomas,Massie,thomas-massie,M001184,,,,,
Brian,Mast,brian-mast,M001199,,,,,
Doris,Matsui,doris-matsui,M001163,,,,,
Lucy,McBath,lucy-mcbath,M001208,,,,,
Sarah,McBride,sarah-mcbride,M001238,,,,,
Michael,McCaul,michael-mccaul,M001157,,,,,
Lisa,McClain,lisa-mcclain,M001136,,,,,
April,McClain Delaney,april-mcclain-delaney,M001232,,,,,
Jennifer,McClellan,jennifer-mcclellan,M001227,,,,,
Tom,McClintock,tom-mcclintock,M001177,,,,,
Betty,McCollum,betty-mccollum,M001143,,,,,
Mitch,McConnell,mitch-mcconnell,M000355,,,,,
Richard,McCormick,richard-mccormick,M001218,,,,,
David,McCormick,david-mccormick,M001243,,,,,
Kristen,McDonald Rivet,kristen-mcdonald-rivet,M001237,,,,,
Addison,McDowell,addison-mcdowell,M001240,,,,,
Morgan,McGarvey,morgan-mcgarvey,M001220,,,,,
James,McGovern,james-mcgovern,M000312,,,,,
John,McGuire,john-mcguire,M001239,,,,,
LaMonica,McIver,lamonica-mciver,M001229,,,,,
Gregory,Meeks,gregory-meeks,M001137,,,,,
Robert,Menendez,robert-menendez,M001226,,,,,
Grace,Meng,grace-meng,M001188,,,,,
Jeff,Merkley,jeff-merkley,M001176,,,,,
Mark,Messmer,mark-messmer,M001233,,,,,
Daniel,Meuser,daniel-meuser,M001204,,,,,
Kweisi,Mfume,kweisi-mfume,M000687,,,,,
Carol,Miller,carol-miller,M001205,,,,,
Max,Miller,max-miller,M001222,,,,,
Mary,Miller,mary-miller,M001211,,,,,
Mariannette,Miller-Meeks,mariannette-miller-meeks,M001215,,,,,
Cory,Mills,cory-mills,M001216,,,,,
Dave,Min,dave-min,M001241,,,,,
Ashley,Moody,ashley-moody,M001244,,,,,
John,Moolenaar,john-moolenaar,M001194,,,,,
Barry,Moore,barry-moore,M001212,,,,,
Blake,Moore,blake-moore,M001213,,,,,
Riley,Moore,riley-moore,M001235,,,,,
Gwen,Moore,gwen-moore,M001160,,,,,
Tim,Moore,tim-moore,M001236,,,,,
Nathaniel,Moran,nathaniel-moran,M001224,,,,,
Jerry,Moran,jerry-moran,M000934,,,,,
Joseph,Morelle,joseph-morelle,M001206,,,,,
Bernie,Moreno,bernie-moreno,M001242,,,,,
Kelly,Morrison,kelly-morrison,M001234,,,,,
Jared,Moskowitz,jared-moskowitz,M001217,,,,,
Seth,Moulton,seth-moulton,M001196,,,,,
James,Moylan,james-moylan,M001219,,,,,
Frank,Mrvan,frank-mrvan,M001214,,,,,
Kevin,Mullin,kevin-mullin,M001225,,,,,
Markwayne,Mullin,markwayne-mullin,M001190,,,,,
Lisa,Murkowski,lisa-murkowski,M001153,,,,,
Gregory,Murphy,gregory-murphy,M001210,,,,,
Christopher,Murphy,christopher-murphy,M001169,,,,,
Patty,Murray,patty-murray,M001111,,,,,
Jerrold,Nadler,jerrold-nadler,N000002,,,,,
Richard,Neal,richard-neal,N000015,,,,,
Joe,Neguse,joe-neguse,N000191,,,,,
Troy,Nehls,troy-nehls,N000026,,,,,
Dan,Newhouse,dan-newhouse,N000189,,,,,
Donald,Norcross,donald-norcross,N000188,,,,,
Ralph,Norman,ralph-norman,N000190,,,,,
Eleanor,Norton,eleanor-norton,N000147,,,,,
Zachary,Nunn,zachary-nunn,N000193,,,,,
Jay,Obernolte,jay-obernolte,O000019,,,,,
Alexandria,Ocasio-Cortez,alexandria-ocasio-cortez,O000172,,,,,
Andrew,Ogles,andrew-ogles,O000175,,,,,
Johnny,Olszewski,johnny-olszewski,O000176,,,,,
Ilhan,Omar,ilhan-omar,O000173,,,,,
Robert,Onder,robert-onder,O000177,,,,,
Jon,Ossoff,jon-ossoff,O000174,,,,,
Burgess,Owens,burgess-owens,O000086,,,,,
Alex,Padilla,alex-padilla,P000145,,,,,
Frank,Pallone,frank-pallone,P000034,,,,,
Gary,Palmer,gary-palmer,P000609,,,,,
Jimmy,Panetta,jimmy-panetta,P000613,,,,,
Chris,Pappas,chris-pappas,P000614,,,,,
Jimmy,Patronis,jimmy-patronis,P000622,,,,,
Rand,Paul,rand-paul,P000603,,,,,
Nancy,Pelosi,nancy-pelosi,P000197,,,,,
Marie,Perez,marie-perez,G000600,,,,,
Scott,Perry,scott-perry,P000605,,,,,
Scott,Peters,scott-peters,P000608,,,,,
Gary,Peters,gary-peters,P000595,,,,,
Brittany,Pettersen,brittany-pettersen,P000620,,,,,
August,Pfluger,august-pfluger,P000048,,,,,
Chellie,Pingree,chellie-pingree,P000597,,,,,
Stacey,Plaskett,stacey-plaskett,P000610,,,,,
Mark,Pocan,mark-pocan,P000607,,,,,
Nellie,Pou,nellie-pou,P000621,,,,,
Ayanna,Pressley,ayanna-pressley,P000617,,,,,
Mike,Quigley,mike-quigley,Q000023,,,,,
Delia,Ramirez,delia-ramirez,R000617,,,,,
Emily,Randall,emily-randall,R000621,,,,,
Jamie,Raskin,jamie-raskin,R000606,,,,,
Jack,Reed,john-reed,R000122,,,,,
Guy,Reschenthaler,guy-reschenthaler,R000610,,,,,
Pete,Ricketts,pete-ricketts,R000618,,,,,
Josh,Riley,josh-riley,R000622,,,,,
James,Risch,james-risch,R000584,,,,,
Luz,Rivas,luz-rivas,R000620,,,,,
Mike,Rogers,mike-rogers,R000575,,,,,
Harold,Rogers,harold-rogers,R000395,,,,,
John,Rose,john-rose,R000612,,,,,
Jacky,Rosen,jacky-rosen,R000608,,,,,
Deborah,Ross,deborah-ross,R000305,,,,,
Mike,Rounds,mike-rounds,R000605,,,,,
David,Rouzer,david-rouzer,R000603,,,,,
Chip,Roy,chip-roy,R000614,,,,,
Marco,Rubio,marco-rubio,R000595,,,,,
Raul,Ruiz,raul-ruiz,R000599,,,,,
Michael,Rulli,michael-rulli,R000619,,,,,
John,Rutherford,john-rutherford,R000609,,,,,
Patrick,Ryan,patrick-ryan,R000579,,,,,
Maria,Salazar,maria-salazar,S000168,,,,,
Andrea,Salinas,andrea-salinas,S001226,,,,,
Bernard,Sanders,bernie-sanders,S000033,,,,,
Steve,Scalise,steve-scalise,S001176,,,,,
Mary,Scanlon,mary-gay-scanlon,S001205,,,,,
Janice,Schakowsky,janice-schakowsky,S001145,,,,,
Brian,Schatz,brian-schatz,S001194,,,,,
Adam,Schiff,adam-schiff,S001150,,,,,
Derek,Schmidt,derek-schmidt,S001228,,,,,
Eric,Schmitt,eric-schmitt,S001227,,,,,
Bradley,Schneider,bradley-schneider,S001190,,,,,
Hillary,Scholten,hillary-scholten,S001221,,,,,
Kim,Schrier,kim-schrier,S001216,,,,,
Charles,Schumer,charles-schumer,S000148,,,,,
David,Schweikert,david-schweikert,S001183,,,,,
Robert,Scott,robert-scott,S000185,,,,,
Austin,Scott,austin-scott,S001189,,,,,
David,Scott,david-scott,S001157,,,,,
Rick,Scott,rick-scott,S001217,,,,,
Tim,Scott,tim-scott,S001184,,,,,
Keith,Self,keith-self,S001224,,,,,
Pete,Sessions,pete-sessions,S000250,,,,,
Terri,Sewell,terri-sewell,S001185,,,,,
Jeanne,Shaheen,jeanne-shaheen,S001181,,,,,
Tim,Sheehy,tim-sheehy,S001232,,,,,
Brad,Sherman,brad-sherman,S000344,,,,,
Mikie,Sherrill,mikie-sherrill,S001207,,,,,
Jefferson,Shreve,jefferson-shreve,S001229,,,,,
Lateefah,Simon,lateefah-simon,S001231,,,,,
Michael,Simpson,michael-simpson,S001148,,,,,
Elissa,Slotkin,elissa-slotkin,S001208,,,,,
Adrian,Smith,adrian-smith,S001172,,,,,
Christopher,Smith,christopher-smith,S000522,,,,,
Jason,Smith,jason-smith,S001195,,,,,
Adam,Smith,adam-smith,S000510,,,,,
Tina,Smith,tina-smith,S001203,,,,,
Lloyd,Smucker,lloyd-smucker,S001199,,,,,
Linda,S�nchez,linda-sanchez,S001156,,,,,
Eric,Sorensen,eric-sorensen,S001225,,,,,
Darren,Soto,darren-soto,S001200,,,,,
Victoria,Spartz,victoria-spartz,S000929,,,,,
Melanie,Stansbury,melanie-stansbury,S001218,,,,,
Greg,Stanton,greg-stanton,S001211,,,,,
Pete,Stauber,pete-stauber,S001212,,,,,
Elise,Stefanik,elise-stefanik,S001196,,,,,
Bryan,Steil,bryan-steil,S001213,,,,,
W.,Steube,w-steube,S001214,,,,,
Haley,Stevens,haley-stevens,S001215,,,,,
Marilyn,Strickland,marilyn-strickland,S001159,,,,,
Dale,Strong,dale-strong,S001220,,,,,
Marlin,Stutzman,marlin-stutzman,S001188,,,,,
Suhas,Subramanyam,suhas-subramanyam,S001230,,,,,
Dan,Sullivan,dan-sullivan,S001198,,,,,
Thomas,Suozzi,thomas-suozzi,S001201,,,,,
Eric,Swalwell,eric-swalwell,S001193,,,,,
Emilia,Sykes,emilia-sykes,S001223,,,,,
Mark,Takano,mark-takano,T000472,,,,,
David,Taylor,david-taylor,T000490,,,,,
Claudia,Tenney,claudia-tenney,T000478,,,,,
Shri,Thanedar,shri-thanedar,T000488,,,,,
Bennie,Thompson,bennie-thompson,T000193,,,,,
Mike,Thompson,mike-thompson,T000460,,,,,
Glenn,Thompson,glenn-thompson,T000467,,,,,
John,Thune,john-thune,T000250,,,,,
Thomas,Tiffany,thomas-tiffany,T000165,,,,,
Thomas,Tillis,thomas-tillis,T000476,,,,,
William,Timmons,william-timmons,T000480,,,,,
Dina,Titus,dina-titus,T000468,,,,,
Rashida,Tlaib,rashida-tlaib,T000481,,,,,
Jill,Tokuda,jill-tokuda,T000487,,,,,
Paul,Tonko,paul-tonko,T000469,,,,,
Ritchie,Torres,ritchie-torres,T000486,,,,,
Norma,Torres,norma-torres,T000474,,,,,
Lori,Trahan,lori-trahan,T000482,,,,,
Derek,Tran,derek-tran,T000491,,,,,
Tommy,Tuberville,tommy-tuberville,T000278,,,,,
Michael,Turner,michael-turner,T000463,,,,,
Sylvester,Turner,sylvester-turner,T000489,,,,,
Lauren,Underwood,lauren-underwood,U000040,,,,,
David,Valadao,david-valadao,V000129,,,,,
Jefferson,Van Drew,jefferson-van-drew,V000133,,,,,
Beth,Van Duyne,beth-van-duyne,V000134,,,,,
Chris,Van Hollen,chris-van-hollen,V000128,,,,,
Derrick,Van Orden,derrick-van-orden,V000135,,,,,
J.D.,Vance,j-vance,V000137,,,,,
Juan,Vargas,juan-vargas,V000130,,,,,
Gabe,Vasquez,gabe-vasquez,V000136,,,,,
Marc,Veasey,marc-veasey,V000131,,,,,
Nydia,Vel�zquez,nydia-velazquez,V000081,,,,,
Eugene,Vindman,eugene-vindman,V000138,,,,,
Ann,Wagner,ann-wagner,W000812,,,,,
Tim,Walberg,tim-walberg,W000798,,,,,
James,Walkinshaw,james-walkinshaw,W000831,,,,,
Michael,Waltz,michael-waltz,W000823,,,,,
Mark,Warner,mark-warner,W000805,,,,,
Raphael,Warnock,raphael-warnock,W000790,,,,,
Elizabeth,Warren,elizabeth-warren,W000817,,,,,
Debbie,Wasserman Schultz,debbie-wasserman-schultz,W000797,,,,,
Maxine,Waters,maxine-waters,W000187,,,,,
Bonnie,Watson Coleman,bonnie-watson-coleman,W000822,,,,,
Randy,Weber,randy-weber,W000814,,,,,
Daniel,Webster,daniel-webster,W000806,,,,,
Peter,Welch,peter-welch,W000800,,,,,
Bruce,Westerman,bruce-westerman,W000821,,,,,
Sheldon,Whitehouse,sheldon-whitehouse,W000802,,,,,
George,Whitesides,george-whitesides,W000830,,,,,
Roger,Wicker,roger-wicker,W000437,,,,,
Tony,Wied,tony-wied,W000829,,,,,
Nikema,Williams,nikema-williams,W000788,,,,,
Roger,Williams,roger-williams,W000816,,,,,
Joe,Wilson,joe-wilson,W000795,,,,,
Frederica,Wilson,frederica-wilson,W000808,,,,,
Robert,Wittman,robert-wittman,W000804,,,,,
Steve,Womack,steve-womack,W000809,,,,,
Ron,Wyden,ron-wyden,W000779,,,,,
Rudy,Yakym,rudy-yakym,Y000067,,,,,
Todd,Young,todd-young,Y000064,,,,,
Ryan,Zinke,ryan-zinke,Z000018,,,,,