first_name,first_name2,last_name,last_name2,middle_name1,nick_name1,suffix,bioguide_id,fecid,chamber,assumed_office,date_of_birth,age,match_method,merge_note,full_name,tenure_months,tenure_pretty,tenure_years
Alma,Alma,Adams,Adams,S.,,,A000370,H4NC12100,House,11/12/14,5/27/46,79,bioguide_id,,Alma Adams,130,"10 years, 10 months",10.83
Robert,Robert,Aderholt,Aderholt,B.,,,A000055,H6AL04098,House,1/3/97,7/22/65,60,bioguide_id,,Robert Aderholt,344,"28 years, 8 months",28.67
Pete,Pete,Aguilar,Aguilar,,,,A000371,H2CA31125,House,1/3/15,6/19/79,46,bioguide_id,,Pete Aguilar,128,"10 years, 8 months",10.67
Mark,Mark,Alford,Alford,,,,A000379,H2MO04207,House,1/3/23,10/4/63,61,bioguide_id,,Mark Alford,32,"2 years, 8 months",2.67
Rick,Rick,Allen,Allen,W.,,,A000372,,House,1/3/15,11/7/51,73,bioguide_id,,Rick Allen,128,"10 years, 8 months",10.67
Angela,Angela,Alsobrooks,Alsobrooks,D.,,,A000382,,Senate,1/3/25,2/23/71,54,bioguide_id,,Angela Alsobrooks,8,8 months,0.67
Gabe,Gabe,Amo,Amo,,,,A000380,,House,11/13/23,12/11/87,37,bioguide_id,,Gabe Amo,22,"1 year, 10 months",1.83
Mark,Mark,Amodei,Amodei,E.,,,A000369,H2NV02395,House,9/13/11,6/12/58,67,bioguide_id,,Mark Amodei,168,14 years,14
Yassamin,Yassamin,Ansari,Ansari,,,,A000381,H4AZ03109,House,1/3/25,4/7/92,33,bioguide_id,,Yassamin Ansari,8,8 months,0.67
Jodey,Jodey,Arrington,Arrington,C.,,,A000375,H6TX19099,House,1/3/17,3/9/72,53,bioguide_id,,Jodey Arrington,104,"8 years, 8 months",8.67
Jake,Jake,Auchincloss,Auchincloss,,,,A000148,H0MA04192,House,1/3/21,1/29/88,37,bioguide_id,,Jake Auchincloss,56,"4 years, 8 months",4.67
Brian,Brian,Babin,Babin,,,,B001291,H6TX02079,House,1/3/15,3/23/48,77,bioguide_id,,Brian Babin,128,"10 years, 8 months",10.67
Don,Don,Bacon,Bacon,J.,,,B001298,,House,1/3/17,8/16/63,62,bioguide_id,,Don Bacon,104,"8 years, 8 months",8.67
Jim,,Baird,,,,,,,House,1/3/19,6/4/45,80,,,Jim Baird,80,"6 years, 8 months",6.67
Troy,Troy,Balderson,Balderson,,,,B001306,H8OH12180,House,9/5/18,1/16/62,63,bioguide_id,,Troy Balderson,84,7 years,7
Tammy,Tammy,Baldwin,Baldwin,,,,B001230,,Senate,1/3/13,2/11/62,63,bioguide_id,,Tammy Baldwin,152,"12 years, 8 months",12.67
Becca,Becca,Balint,Balint,,,,B001318,H2VT01076,House,1/3/23,5/4/68,57,bioguide_id,,Becca Balint,32,"2 years, 8 months",2.67
Jim,Jim,Banks,Banks,,,,B001299,H6IN03229,Senate,1/3/25,7/16/79,46,bioguide_id,,Jim Banks,8,8 months,0.67
Andy,Andy,Barr,Barr,,,,B001282,H0KY06104,House,1/3/13,7/24/73,52,bioguide_id,,Andy Barr,152,"12 years, 8 months",12.67
Nanette,Nanette Diaz,Barragán,Barragán,,,,B001300,,House,1/3/17,9/15/76,49,bioguide_id,,Nanette Barragán,104,"8 years, 8 months",8.67
John,John,Barrasso,Barrasso,,,,B001261,,Senate,6/25/07,7/21/52,73,bioguide_id,,John Barrasso,219,"18 years, 3 months",18.25
Tom,Tom,Barrett,Barrett,,,,B001321,H2MI07123,House,1/3/25,4/30/81,44,bioguide_id,,Tom Barrett,8,8 months,0.67
Michael,Michael,Baumgartner,Baumgartner,,,,B001322,H4WA05234,House,1/3/25,12/13/75,49,bioguide_id,,Michael Baumgartner,8,8 months,0.67
Aaron,Aaron,Bean,Bean,,,,B001314,H2FL04211,House,1/3/23,1/25/67,58,bioguide_id,,Aaron Bean,32,"2 years, 8 months",2.67
Joyce,Joyce,Beatty,Beatty,,,,B001281,H2OH03125,House,1/3/13,3/12/50,75,bioguide_id,,Joyce Beatty,152,"12 years, 8 months",12.67
Wesley,Wesley,Bell,Bell,,,,B001324,H4MO01134,House,1/3/25,11/5/74,50,bioguide_id,,Wesley Bell,8,8 months,0.67
Michael,Michael,Bennet,Bennet,F.,,,B001267,S0CO00211,Senate,1/21/09,11/28/64,60,bioguide_id,,Michael Bennet,200,"16 years, 8 months",16.67
Cliff,Cliff,Bentz,Bentz,,,,B000668,H0OR02127,House,1/3/21,1/12/52,73,bioguide_id,,Cliff Bentz,56,"4 years, 8 months",4.67
Ami,Ami,Bera,Bera,,,,B001287,H0CA03078,House,1/3/13,3/2/65,60,bioguide_id,,Ami Bera,152,"12 years, 8 months",12.67
Jack,Jack,Bergman,Bergman,,,,B001301,,House,1/3/17,2/2/47,78,bioguide_id,,Jack Bergman,104,"8 years, 8 months",8.67
Don,,Beyer,,,,,,,House,1/3/15,6/20/50,75,,,Don Beyer,128,"10 years, 8 months",10.67
Stephanie,Stephanie,Bice,Bice,I.,,,B000740,H0OK05205,House,1/3/21,11/11/73,51,bioguide_id,,Stephanie Bice,56,"4 years, 8 months",4.67
Andy,Andy,Biggs,Biggs,,,,B001302,H6AZ05083,House,1/3/17,11/7/58,66,bioguide_id,,Andy Biggs,104,"8 years, 8 months",8.67
Sheri,Sheri,Biggs,Biggs,,,,B001325,,House,1/3/25,3/28/70,55,bioguide_id,,Sheri Biggs,8,8 months,0.67
Gus,Gus,Bilirakis,Bilirakis,M.,,,B001257,H6FL09070,House,1/3/07,2/8/63,62,bioguide_id,,Gus Bilirakis,224,"18 years, 8 months",18.67
Sanford,Sanford,Bishop,Bishop,D.,,Jr.,B000490,H2GA02031,House,1/3/93,2/4/47,78,bioguide_id,,Sanford Bishop,392,"32 years, 8 months",32.67
Marsha,Marsha,Blackburn,Blackburn,,,,B001243,,Senate,1/3/19,6/6/52,73,bioguide_id,,Marsha Blackburn,80,"6 years, 8 months",6.67
Richard,Richard,Blumenthal,Blumenthal,,,,B001277,S0CT00177,Senate,1/3/11,2/13/46,79,bioguide_id,,Richard Blumenthal,176,"14 years, 8 months",14.67
Lisa,Lisa,Blunt Rochester,Blunt Rochester,,,,B001303,H6DE00206,Senate,1/3/25,2/10/62,63,bioguide_id,,Lisa Blunt Rochester,8,8 months,0.67
Lauren,Lauren,Boebert,Boebert,,,,B000825,H0CO03165,House,1/3/21,12/15/86,38,bioguide_id,,Lauren Boebert,56,"4 years, 8 months",4.67
Suzanne,Suzanne,Bonamici,Bonamici,,,,B001278,H2OR01133,House,1/31/12,10/14/54,70,bioguide_id,,Suzanne Bonamici,163,"13 years, 7 months",13.58
Cory,Cory,Booker,Booker,A.,,,B001288,S4NJ00185,Senate,10/31/13,4/27/69,56,bioguide_id,,Cory Booker,142,"11 years, 10 months",11.83
John,John,Boozman,Boozman,,,,B001236,S0AR00150,Senate,1/3/11,12/10/50,74,bioguide_id,,John Boozman,176,"14 years, 8 months",14.67
Mike,Mike,Bost,Bost,,,,B001295,H4IL12060,House,1/3/15,12/30/60,64,bioguide_id,,Mike Bost,128,"10 years, 8 months",10.67
Brendan,Brendan,Boyle,Boyle,F.,,,B001296,H4PA13199,House,1/3/15,2/6/77,48,bioguide_id,,Brendan Boyle,128,"10 years, 8 months",10.67
Josh,Josh,Brecheen,Brecheen,,,,B001317,H2OK02315,House,1/3/23,6/19/79,46,bioguide_id,,Josh Brecheen,32,"2 years, 8 months",2.67
Rob,,Bresnahan,,,,,,,House,1/3/25,4/22/90,35,,,Rob Bresnahan,8,8 months,0.67
Katie,Katie Boyd,Britt,Britt,,,,B001319,S2AL00145,Senate,1/3/23,2/2/82,43,bioguide_id,,Katie Britt,32,"2 years, 8 months",2.67
Shontel,Shontel,Brown,Brown,M.,,,B001313,H2OH11169,House,11/4/21,6/24/75,50,bioguide_id,,Shontel Brown,46,"3 years, 10 months",3.83
Julia,Julia,Brownley,Brownley,,,,B001285,H2CA00120,House,1/3/13,8/28/52,73,bioguide_id,,Julia Brownley,152,"12 years, 8 months",12.67
Vern,Vern,Buchanan,Buchanan,,,,B001260,,House,1/3/07,5/8/51,74,bioguide_id,,Vern Buchanan,224,"18 years, 8 months",18.67
Ted,Ted,Budd,Budd,,,,B001305,S2NC00505,Senate,1/3/23,10/21/71,53,bioguide_id,,Ted Budd,32,"2 years, 8 months",2.67
Nikki,Nikki,Budzinski,Budzinski,,,,B001315,H2IL13153,House,1/3/23,3/11/77,48,bioguide_id,,Nikki Budzinski,32,"2 years, 8 months",2.67
Tim,Tim,Burchett,Burchett,,,,B001309,H8TN02119,House,1/3/19,8/25/64,61,bioguide_id,,Tim Burchett,80,"6 years, 8 months",6.67
Eric,Eric,Burlison,Burlison,,,,B001316,H2MO07143,House,1/3/23,10/2/76,48,bioguide_id,,Eric Burlison,32,"2 years, 8 months",2.67
Janelle,Janelle,Bynum,Bynum,S.,,,B001326,H4OR05304,House,1/3/25,1/31/75,50,bioguide_id,,Janelle Bynum,8,8 months,0.67
Ken,Ken,Calvert,Calvert,,,,C000059,H2CA37023,House,1/3/93,6/8/53,72,bioguide_id,,Ken Calvert,392,"32 years, 8 months",32.67
Kat,Kat,Cammack,Cammack,,,,C001039,H0FL03175,House,1/3/21,2/16/88,37,bioguide_id,,Kat Cammack,56,"4 years, 8 months",4.67
Maria,Maria,Cantwell,Cantwell,,,,C000127,,Senate,1/3/01,10/13/58,66,bioguide_id,,Maria Cantwell,296,"24 years, 8 months",24.67
Shelley Moore,Shelley Moore,Capito,Capito,,,,,,Senate,1/3/15,11/26/53,71,slug,,Shelley Moore Capito,128,"10 years, 8 months",10.67
Salud,Salud,Carbajal,Carbajal,O.,,,C001112,H6CA24303,House,1/3/17,11/18/64,60,bioguide_id,,Salud Carbajal,104,"8 years, 8 months",8.67
Mike,Mike,Carey,Carey,,,,C001126,H2OH15228,House,11/4/21,3/13/71,54,bioguide_id,,Mike Carey,46,"3 years, 10 months",3.83
André,André,Carson,Carson,,,,C001072,H8IN07184,House,3/11/08,10/16/74,50,bioguide_id,,André Carson,210,"17 years, 6 months",17.5
Buddy,,Carter,,,,,,,House,1/3/15,9/6/57,68,,,Buddy Carter,128,"10 years, 8 months",10.67
Troy,Troy,Carter,Carter,A.,,Sr.,C001125,H2LA02149,House,5/11/21,10/26/63,61,bioguide_id,,Troy Carter,52,"4 years, 4 months",4.33
John,John,Carter,Carter,R.,,,C001051,H2TX31044,House,1/3/03,11/6/41,83,bioguide_id,,John Carter,272,"22 years, 8 months",22.67
Greg,Greg,Casar,Casar,,,,C001131,H2TX35144,House,1/3/23,5/4/89,36,bioguide_id,,Greg Casar,32,"2 years, 8 months",2.67
Ed,Ed,Case,Case,,,,C001055,H2HI02128,House,1/3/19,9/27/52,73,bioguide_id,,Ed Case,80,"6 years, 8 months",6.67
Bill,Bill,Cassidy,Cassidy,,,,C001075,,Senate,1/3/15,9/28/57,68,bioguide_id,,Bill Cassidy,128,"10 years, 8 months",10.67
Sean,Sean,Casten,Casten,,,,C001117,H8IL06139,House,1/3/19,11/23/71,53,bioguide_id,,Sean Casten,80,"6 years, 8 months",6.67
Kathy,Kathy,Castor,Castor,,,,C001066,H6FL11126,House,1/3/07,8/20/66,59,bioguide_id,,Kathy Castor,224,"18 years, 8 months",18.67
Joaquin,Joaquin,Castro,Castro,,,,C001091,H2TX35011,House,1/3/13,9/16/74,51,bioguide_id,,Joaquin Castro,152,"12 years, 8 months",12.67
Sheila,Sheila,Cherfilus-McCormick,Cherfilus-McCormick,,,,C001127,H8FL20032,House,1/18/22,1/25/79,46,bioguide_id,,Sheila Cherfilus-McCormick,44,"3 years, 8 months",3.67
Judy,Judy,Chu,Chu,,,,C001080,H0CA32101,House,7/14/09,7/7/53,72,bioguide_id,,Judy Chu,194,"16 years, 2 months",16.17
Juan,Juan,Ciscomani,Ciscomani,,,,C001133,H2AZ02360,House,1/3/23,8/31/82,43,bioguide_id,,Juan Ciscomani,32,"2 years, 8 months",2.67
Gil,,Cisneros,,,,,,,House,1/3/25,2/12/71,54,,,Gil Cisneros,8,8 months,0.67
Katherine,Katherine,Clark,Clark,M.,,,C001101,H4MA05084,House,12/12/13,7/17/63,62,bioguide_id,,Katherine Clark,141,"11 years, 9 months",11.75
Yvette,Yvette,Clarke,Clarke,D.,,,C001067,H4NY11138,House,1/3/07,11/21/64,60,bioguide_id,,Yvette Clarke,224,"18 years, 8 months",18.67
Emanuel,Emanuel,Cleaver,Cleaver,,,II,C001061,H4MO05234,House,1/3/05,10/26/44,80,bioguide_id,,Emanuel Cleaver,248,"20 years, 8 months",20.67
Ben,Ben,Cline,Cline,,,,C001118,H8VA06104,House,1/3/19,2/29/72,53,bioguide_id,,Ben Cline,80,"6 years, 8 months",6.67
Michael,Michael,Cloud,Cloud,,,,C001115,H8TX27049,House,7/10/18,5/13/75,50,bioguide_id,,Michael Cloud,86,"7 years, 2 months",7.17
Jim,,Clyburn,,,,,,,House,1/3/93,7/21/40,85,,,Jim Clyburn,392,"32 years, 8 months",32.67
Andrew,Andrew,Clyde,Clyde,S.,,,C001116,H0GA09246,House,1/3/21,11/22/63,61,bioguide_id,,Andrew Clyde,56,"4 years, 8 months",4.67
Steve,Steve,Cohen,Cohen,,,,C001068,H6TN09068,House,1/3/07,5/24/49,76,bioguide_id,,Steve Cohen,224,"18 years, 8 months",18.67
Tom,Tom,Cole,Cole,,,,C001053,H2OK04055,House,1/3/03,4/28/49,76,bioguide_id,,Tom Cole,272,"22 years, 8 months",22.67
Bonnie Watson,Bonnie,Coleman,Watson Coleman,,,,W000822,H4NJ12149,House,1/3/15,2/6/45,80,bioguide_id,,Bonnie Watson Coleman,128,"10 years, 8 months",10.67
Susan,Susan,Collins,Collins,M.,,,C001035,S6ME00159,Senate,1/3/97,12/7/52,72,bioguide_id,,Susan Collins,344,"28 years, 8 months",28.67
Mike,Mike,Collins,Collins,,,,C001129,H4GA10071,House,1/3/23,7/2/67,58,bioguide_id,,Mike Collins,32,"2 years, 8 months",2.67
James,James,Comer,Comer,,,,C001108,H6KY01110,House,11/8/16,8/19/72,53,bioguide_id,,James Comer,106,"8 years, 10 months",8.83
Herb,,Conaway,,,,,,,House,1/3/25,1/30/63,62,,,Herb Conaway,8,8 months,0.67
Chris,,Coons,,,,,,,Senate,11/15/10,9/9/63,62,,,Chris Coons,178,"14 years, 10 months",14.83
John,John,Cornyn,Cornyn,,,,C001056,S2TX00106,Senate,12/2/02,2/2/52,73,bioguide_id,,John Cornyn,273,"22 years, 9 months",22.75
Lou,,Correa,,,,,,,House,1/3/17,1/24/58,67,,,Lou Correa,104,"8 years, 8 months",8.67
Catherine,Catherine,Cortez Masto,Cortez Masto,,,,C001113,S6NV00200,Senate,1/3/17,3/29/64,61,bioguide_id,,Catherine Cortez Masto,104,"8 years, 8 months",8.67
Jim,Jim,Costa,Costa,,,,C001059,H4CA20082,House,1/3/05,4/13/52,73,bioguide_id,,Jim Costa,248,"20 years, 8 months",20.67
Tom,Tom,Cotton,Cotton,,,,C001095,,Senate,1/3/15,5/13/77,48,bioguide_id,,Tom Cotton,128,"10 years, 8 months",10.67
Joe,Joe,Courtney,Courtney,,,,C001069,H2CT02112,House,1/3/07,4/6/53,72,bioguide_id,,Joe Courtney,224,"18 years, 8 months",18.67
Angie,Angie,Craig,Craig,,,,C001119,H6MN02131,House,1/3/19,2/14/72,53,bioguide_id,,Angie Craig,80,"6 years, 8 months",6.67
Kevin,Kevin,Cramer,Cramer,,,,C001096,,Senate,1/3/19,1/21/61,64,bioguide_id,,Kevin Cramer,80,"6 years, 8 months",6.67
Eli,,Crane,,,,,,,House,1/3/23,1/3/80,45,,,Eli Crane,32,"2 years, 8 months",2.67
Jeff,Jeff,Crank,Crank,,,,C001137,,House,1/3/25,1/28/67,58,bioguide_id,,Jeff Crank,8,8 months,0.67
Mike,Mike,Crapo,Crapo,,,,C000880,S8ID00027,Senate,1/3/99,5/20/51,74,bioguide_id,,Mike Crapo,320,"26 years, 8 months",26.67
Rick,,Crawford,,,,,,,House,1/3/11,1/22/66,59,,,Rick Crawford,176,"14 years, 8 months",14.67
Dan,Dan,Crenshaw,Crenshaw,,,,C001120,H8TX02166,House,1/3/19,3/14/84,41,bioguide_id,,Dan Crenshaw,80,"6 years, 8 months",6.67
Jasmine,Jasmine,Crockett,Crockett,,,,C001130,H2TX30178,House,1/3/23,3/29/81,44,bioguide_id,,Jasmine Crockett,32,"2 years, 8 months",2.67
Jason,Jason,Crow,Crow,,,,C001121,H8CO06229,House,1/3/19,3/15/79,46,bioguide_id,,Jason Crow,80,"6 years, 8 months",6.67
Ted,Ted,Cruz,Cruz,,,,C001098,,Senate,1/3/13,12/22/70,54,bioguide_id,,Ted Cruz,152,"12 years, 8 months",12.67
Monica De La,Monica,Cruz,De La Cruz,,,,D000594,H0TX15124,House,1/3/23,11/11/74,50,bioguide_id,,Monica De La Cruz,32,"2 years, 8 months",2.67
Henry,Henry,Cuellar,Cuellar,,,,C001063,H2TX23082,House,1/3/05,9/19/55,70,bioguide_id,,Henry Cuellar,248,"20 years, 8 months",20.67
John,John,Curtis,Curtis,R.,,,C001114,H8UT03238,Senate,1/3/25,5/10/60,65,bioguide_id,,John Curtis,8,8 months,0.67
Mario,Mario,Díaz-Balart,Diaz-Balart,,,,D000600,H2FL25018,House,1/3/03,9/25/61,64,bioguide_id,,Mario Díaz-Balart,272,"22 years, 8 months",22.67
Steve,Steve,Daines,Daines,,,,D000618,,Senate,1/3/15,8/20/62,63,bioguide_id,,Steve Daines,128,"10 years, 8 months",10.67
Sharice,Sharice,Davids,Davids,,,,D000629,H8KS03155,House,1/3/19,5/22/80,45,bioguide_id,,Sharice Davids,80,"6 years, 8 months",6.67
Warren,Warren,Davidson,Davidson,,,,D000626,H6OH08315,House,6/9/16,3/1/70,55,bioguide_id,,Warren Davidson,111,"9 years, 3 months",9.25
Danny,Danny,Davis,Davis,K.,,,D000096,,House,1/3/97,9/6/41,84,bioguide_id,,Danny Davis,344,"28 years, 8 months",28.67
Don,,Davis,,,,,,,House,1/3/23,8/29/71,54,,,Don Davis,32,"2 years, 8 months",2.67
Madeleine,Madeleine,Dean,Dean,,,,D000631,H8PA04116,House,1/3/19,6/6/59,66,bioguide_id,,Madeleine Dean,80,"6 years, 8 months",6.67
Diana,Diana,DeGette,DeGette,,,,D000197,H6CO01141,House,1/3/97,7/29/57,68,bioguide_id,,Diana DeGette,344,"28 years, 8 months",28.67
April McClain,April,Delaney,McClain Delaney,,,,M001232,H4MD06340,House,1/3/25,5/28/64,61,bioguide_id,,April McClain Delaney,8,8 months,0.67
Rosa,Rosa,DeLauro,DeLauro,L.,,,D000216,H0CT03072,House,1/3/91,3/2/43,82,bioguide_id,,Rosa DeLauro,416,"34 years, 8 months",34.67
Suzan,Suzan,DelBene,DelBene,K.,,,D000617,H0WA08046,House,11/13/12,2/17/62,63,bioguide_id,,Suzan DelBene,154,"12 years, 10 months",12.83
Chris,,Deluzio,,,,,,,House,1/3/23,7/13/84,41,,,Chris Deluzio,32,"2 years, 8 months",2.67
Mark,Mark,DeSaulnier,DeSaulnier,,,,D000623,H0CA10073,House,1/3/15,3/31/52,73,bioguide_id,,Mark DeSaulnier,128,"10 years, 8 months",10.67
Scott,Scott,DesJarlais,DesJarlais,,,,D000616,H0TN04195,House,1/3/11,2/21/64,61,bioguide_id,,Scott DesJarlais,176,"14 years, 8 months",14.67
Maxine,Maxine,Dexter,Dexter,,,,D000635,H4OR03192,House,1/3/25,12/5/72,52,bioguide_id,,Maxine Dexter,8,8 months,0.67
Debbie,Debbie,Dingell,Dingell,,,,D000624,H4MI12079,House,1/3/15,11/23/53,71,bioguide_id,,Debbie Dingell,128,"10 years, 8 months",10.67
Lloyd,Lloyd,Doggett,Doggett,,,II,D000399,H4TX10028,House,1/3/95,10/6/46,78,bioguide_id,,Lloyd Doggett,368,"30 years, 8 months",30.67
Byron,Byron,Donalds,Donalds,,,,D000032,H2FL14186,House,1/3/21,10/26/78,46,bioguide_id,,Byron Donalds,56,"4 years, 8 months",4.67
Troy,Troy,Downing,Downing,,,,D000634,H4MT02098,House,1/3/25,3/4/67,58,bioguide_id,,Troy Downing,8,8 months,0.67
Jeff Van,,Drew,,,,,,,House,1/3/19,2/23/53,72,,,Jeff Van Drew,80,"6 years, 8 months",6.67
Tammy,Tammy,Duckworth,Duckworth,,,,D000622,S6IL00292,Senate,1/3/17,3/12/68,57,bioguide_id,,Tammy Duckworth,104,"8 years, 8 months",8.67
Neal,Neal,Dunn,Dunn,P.,,,D000628,H6FL02208,House,1/3/17,2/16/53,72,bioguide_id,,Neal Dunn,104,"8 years, 8 months",8.67
Dick,,Durbin,,,,,,,Senate,1/3/97,11/21/44,80,,,Dick Durbin,344,"28 years, 8 months",28.67
Beth Van,Beth,Duyne,Van Duyne,,,,V000134,H0TX24209,House,1/3/21,11/16/70,54,bioguide_id,,Beth Van Duyne,56,"4 years, 8 months",4.67
Chuck,Chuck,Edwards,Edwards,,,,E000246,H2NC14050,House,1/3/23,9/13/60,65,bioguide_id,,Chuck Edwards,32,"2 years, 8 months",2.67
Sarah,Sarah,Elfreth,Elfreth,,,,E000301,H4MD03156,House,1/3/25,9/9/88,37,bioguide_id,,Sarah Elfreth,8,8 months,0.67
Jake,Jake,Ellzey,Ellzey,,,Sr.,E000071,H8TX06266,House,7/30/21,1/24/70,55,bioguide_id,,Jake Ellzey,49,"4 years, 1 month",4.08
Tom,Tom,Emmer,Emmer,,,Jr.,E000294,H4MN06087,House,1/3/15,3/3/61,64,bioguide_id,,Tom Emmer,128,"10 years, 8 months",10.67
Joni,Joni,Ernst,Ernst,,,,E000295,,Senate,1/3/15,7/1/70,55,bioguide_id,,Joni Ernst,128,"10 years, 8 months",10.67
Veronica,Veronica,Escobar,Escobar,,,,E000299,H8TX16109,House,1/3/19,9/15/69,56,bioguide_id,,Veronica Escobar,80,"6 years, 8 months",6.67
Adriano,Adriano,Espaillat,Espaillat,,,,E000297,H2NY13096,House,1/3/17,9/27/54,71,bioguide_id,,Adriano Espaillat,104,"8 years, 8 months",8.67
Ron,Ron,Estes,Estes,,,,E000298,H8KS04112,House,4/25/17,7/19/56,69,bioguide_id,,Ron Estes,101,"8 years, 5 months",8.42
Gabe,Gabe,Evans,Evans,,,,E000300,,House,1/3/25,7/28/86,39,bioguide_id,,Gabe Evans,8,8 months,0.67
Dwight,Dwight,Evans,Evans,,,,E000296,H6PA02171,House,11/14/16,5/16/54,71,bioguide_id,,Dwight Evans,106,"8 years, 10 months",8.83
Mike,Mike,Ezell,Ezell,,,,E000235,H2MS04258,House,1/3/23,4/6/59,66,bioguide_id,,Mike Ezell,32,"2 years, 8 months",2.67
Pat,Pat,Fallon,Fallon,,,,F000246,,House,1/3/21,12/19/67,57,bioguide_id,,Pat Fallon,56,"4 years, 8 months",4.67
Julie,Julie,Fedorchak,Fedorchak,,,,F000482,H4ND00061,House,1/3/25,9/28/68,57,bioguide_id,,Julie Fedorchak,8,8 months,0.67
Randy,Randy,Feenstra,Feenstra,,,,F000446,H0IA04145,House,1/3/21,1/14/69,56,bioguide_id,,Randy Feenstra,56,"4 years, 8 months",4.67
Teresa Leger,Teresa,Fernandez,Leger Fernandez,,,,L000273,H0NM03102,House,1/3/21,7/1/59,66,bioguide_id,,Teresa Leger Fernandez,56,"4 years, 8 months",4.67
John,John,Fetterman,Fetterman,,,,F000479,S6PA00274,Senate,1/3/23,8/15/69,56,bioguide_id,,John Fetterman,32,"2 years, 8 months",2.67
Cleo,Cleo,Fields,Fields,,,,F000110,H4LA06211,House,1/3/25,11/22/62,62,bioguide_id,,Cleo Fields,8,8 months,0.67
Shomari,Shomari,Figures,Figures,,,,F000481,H4AL02170,House,1/3/25,9/3/85,40,bioguide_id,,Shomari Figures,8,8 months,0.67
Randy,Randy,Fine,Fine,,,,F000484,,House,4/2/25,4/20/74,51,bioguide_id,,Randy Fine,5,5 months,0.42
Brad,Brad,Finstad,Finstad,,,,F000475,H2MN01223,House,8/12/22,5/30/76,49,bioguide_id,,Brad Finstad,37,"3 years, 1 month",3.08
Michelle,Michelle,Fischbach,Fischbach,,,,F000470,H0MN07091,House,1/3/21,11/3/65,59,bioguide_id,,Michelle Fischbach,56,"4 years, 8 months",4.67
Deb,Deb,Fischer,Fischer,,,,F000463,,Senate,1/3/13,3/1/51,74,bioguide_id,,Deb Fischer,152,"12 years, 8 months",12.67
Scott,Scott,Fitzgerald,Fitzgerald,,,,F000471,H0WI05113,House,1/3/21,11/16/63,61,bioguide_id,,Scott Fitzgerald,56,"4 years, 8 months",4.67
Brian,Brian,Fitzpatrick,Fitzpatrick,K.,,,F000466,H6PA08277,House,1/3/17,12/17/73,51,bioguide_id,,Brian Fitzpatrick,104,"8 years, 8 months",8.67
Chuck,,Fleischmann,,,,,,,House,1/3/11,10/11/62,62,,,Chuck Fleischmann,176,"14 years, 8 months",14.67
Lizzie,Lizzie,Fletcher,Fletcher,,,,F000468,H8TX07140,House,1/3/19,2/13/75,50,bioguide_id,,Lizzie Fletcher,80,"6 years, 8 months",6.67
Mike,Mike,Flood,Flood,,,,F000474,H2NE01118,House,7/12/22,2/23/75,50,bioguide_id,,Mike Flood,38,"3 years, 2 months",3.17
Vince,Vince,Fong,Fong,,,,F000480,H4CA20181,House,6/3/24,10/24/79,45,bioguide_id,,Vince Fong,15,"1 year, 3 months",1.25
Bill,Bill,Foster,Foster,,,,F000454,H8IL14067,House,1/3/13,10/7/55,69,bioguide_id,,Bill Foster,152,"12 years, 8 months",12.67
Valerie,Valerie,Foushee,Foushee,P.,,,F000477,H2NC06114,House,1/3/23,5/7/56,69,bioguide_id,,Valerie Foushee,32,"2 years, 8 months",2.67
Lois,Lois,Frankel,Frankel,,,,F000462,H2FL14053,House,1/3/13,5/16/48,77,bioguide_id,,Lois Frankel,152,"12 years, 8 months",12.67
Scott,Scott,Franklin,Franklin,,,,F000472,H0FL15104,House,1/3/21,8/23/64,61,bioguide_id,,Scott Franklin,56,"4 years, 8 months",4.67
Laura,Laura,Friedman,Friedman,,,,F000483,H4CA30149,House,1/3/25,12/3/66,58,bioguide_id,,Laura Friedman,8,8 months,0.67
Maxwell,Maxwell,Frost,Frost,,,,F000476,H2FL10259,House,1/3/23,1/17/97,28,bioguide_id,,Maxwell Frost,32,"2 years, 8 months",2.67
Russell,Russell,Fry,Fry,,,,F000478,H2SC07280,House,1/3/23,1/31/85,40,bioguide_id,,Russell Fry,32,"2 years, 8 months",2.67
Russ,Russ,Fulcher,Fulcher,,,,F000469,H8ID01124,House,1/3/19,3/9/62,63,bioguide_id,,Russ Fulcher,80,"6 years, 8 months",6.67
Ruben,Ruben,Gallego,Gallego,,,,G000574,H4AZ07043,Senate,1/3/25,11/20/79,45,bioguide_id,,Ruben Gallego,8,8 months,0.67
John,John,Garamendi,Garamendi,,,,G000559,H0CA10149,House,11/5/09,1/24/45,80,bioguide_id,,John Garamendi,190,"15 years, 10 months",15.83
Andrew,Andrew,Garbarino,Garbarino,R.,,,G000597,H0NY02234,House,1/3/21,9/27/84,41,bioguide_id,,Andrew Garbarino,56,"4 years, 8 months",4.67
Chuy,,García,,,,,,,House,1/3/19,4/12/56,69,,,Chuy García,80,"6 years, 8 months",6.67
Robert,Robert,Garcia,Garcia,,,,G000598,H2CA47188,House,1/3/23,12/2/77,47,bioguide_id,,Robert Garcia,32,"2 years, 8 months",2.67
Sylvia,Sylvia,Garcia,Garcia,R.,,,G000587,H8TX29052,House,1/3/19,9/6/50,75,bioguide_id,,Sylvia Garcia,80,"6 years, 8 months",6.67
Brandon,Brandon,Gill,Gill,,,,G000603,H4TX26149,House,1/3/25,2/26/94,31,bioguide_id,,Brandon Gill,8,8 months,0.67
Laura,Laura,Gillen,Gillen,,,,G000602,H2NY04244,House,1/3/25,7/10/69,56,bioguide_id,,Laura Gillen,8,8 months,0.67
Kirsten,Kirsten,Gillibrand,Gillibrand,E.,,,G000555,,Senate,1/26/09,12/9/66,58,bioguide_id,,Kirsten Gillibrand,200,"16 years, 8 months",16.67
Carlos,Carlos,Giménez,Gimenez,A.,,,G000593,H0FL26036,House,1/3/21,1/17/54,71,bioguide_id,,Carlos Giménez,56,"4 years, 8 months",4.67
Jared,Jared,Golden,Golden,F.,,,G000592,H8ME02185,House,1/3/19,7/25/82,43,bioguide_id,,Jared Golden,80,"6 years, 8 months",6.67
Dan,,Goldman,,,,,,,House,1/3/23,2/26/76,49,,,Dan Goldman,32,"2 years, 8 months",2.67
Craig,Craig,Goldman,Goldman,A.,,,G000601,H4TX12065,House,1/3/25,10/3/68,56,bioguide_id,,Craig Goldman,8,8 months,0.67
Jimmy,Jimmy,Gomez,Gomez,,,,G000585,H8CA34266,House,7/11/17,11/25/74,50,bioguide_id,,Jimmy Gomez,98,"8 years, 2 months",8.17
Tony,Tony,Gonzales,Gonzales,,,II,G000594,H0TX35015,House,1/3/21,10/10/80,44,bioguide_id,,Tony Gonzales,56,"4 years, 8 months",4.67
Vicente,Vicente,Gonzalez,Gonzalez,,,,G000581,H6TX15162,House,1/3/17,9/4/67,58,bioguide_id,,Vicente Gonzalez,104,"8 years, 8 months",8.67
Lance,Lance,Gooden,Gooden,,,,G000589,H8TX05144,House,1/3/19,12/1/82,42,bioguide_id,,Lance Gooden,80,"6 years, 8 months",6.67
Maggie,Maggie,Goodlander,Goodlander,,,,G000604,H4NH02399,House,1/3/25,11/4/86,38,bioguide_id,,Maggie Goodlander,8,8 months,0.67
Paul,Paul,Gosar,Gosar,A.,,,G000565,H0AZ01259,House,1/3/11,11/27/58,66,bioguide_id,,Paul Gosar,176,"14 years, 8 months",14.67
Josh,Josh,Gottheimer,Gottheimer,,,,G000583,H6NJ05171,House,1/3/17,3/8/75,50,bioguide_id,,Josh Gottheimer,104,"8 years, 8 months",8.67
Lindsey,Lindsey,Graham,Graham,,,,G000359,S0SC00149,Senate,1/3/03,7/9/55,70,bioguide_id,,Lindsey Graham,272,"22 years, 8 months",22.67
Chuck,Chuck,Grassley,Grassley,,,,G000386,S0IA00028,Senate,1/3/81,9/17/33,92,bioguide_id,,Chuck Grassley,536,"44 years, 8 months",44.67
Sam,Sam,Graves,Graves,,,Jr.,G000546,H0MO06073,House,1/3/01,11/7/63,61,bioguide_id,,Sam Graves,296,"24 years, 8 months",24.67
Adam,Adam,Gray,Gray,,,,G000605,H2CA13115,House,1/3/25,9/23/77,48,bioguide_id,,Adam Gray,8,8 months,0.67
Al,Al,Green,Green,,,,G000553,H4TX09095,House,1/3/05,9/1/47,78,bioguide_id,,Al Green,248,"20 years, 8 months",20.67
Marjorie Taylor,Marjorie Taylor,Greene,Greene,,,,,H0GA06192,House,1/3/21,5/27/74,51,slug,,Marjorie Taylor Greene,56,"4 years, 8 months",4.67
Morgan,,Griffith,,,,,,,House,1/3/11,3/15/58,67,,,Morgan Griffith,176,"14 years, 8 months",14.67
Glenn,Glenn,Grothman,Grothman,,,,G000576,H4WI06048,House,1/3/15,7/3/55,70,bioguide_id,,Glenn Grothman,128,"10 years, 8 months",10.67
Michael,Michael,Guest,Guest,,,,G000591,H8MS03125,House,1/3/19,2/4/70,55,bioguide_id,,Michael Guest,80,"6 years, 8 months",6.67
Brett,Brett,Guthrie,Guthrie,,,,G000558,H8KY02031,House,1/3/09,2/18/64,61,bioguide_id,,Brett Guthrie,200,"16 years, 8 months",16.67
Harriet,Harriet,Hageman,Hageman,M.,,,H001096,H2WY00166,House,1/3/23,10/18/62,62,bioguide_id,,Harriet Hageman,32,"2 years, 8 months",2.67
Bill,Bill,Hagerty,Hagerty,,,,H000601,S0TN00169,Senate,1/3/21,8/14/59,66,bioguide_id,,Bill Hagerty,56,"4 years, 8 months",4.67
Abraham,Abraham,Hamadeh,Hamadeh,J.,,,H001098,H4AZ08108,House,1/3/25,5/15/91,34,bioguide_id,,Abraham Hamadeh,8,8 months,0.67
Josh,Josh,Harder,Harder,,,,H001090,H8CA10126,House,1/3/19,8/1/86,39,bioguide_id,,Josh Harder,80,"6 years, 8 months",6.67
Mike,Mike,Haridopolos,Haridopolos,,,,H001099,H4FL08168,House,1/3/25,3/15/70,55,bioguide_id,,Mike Haridopolos,8,8 months,0.67
Pat,Pat,Harrigan,Harrigan,,,,H001101,H2NC13243,House,1/3/25,6/21/87,38,bioguide_id,,Pat Harrigan,8,8 months,0.67
Andy,Andy,Harris,Harris,,,,H001052,H8MD01094,House,1/3/11,1/25/57,68,bioguide_id,,Andy Harris,176,"14 years, 8 months",14.67
Mark,Mark,Harris,Harris,,,,H001102,H6NC09200,House,1/3/25,4/24/66,59,bioguide_id,,Mark Harris,8,8 months,0.67
Diana,Diana,Harshbarger,Harshbarger,,,,H001086,H0TN01118,House,1/3/21,1/1/60,65,bioguide_id,,Diana Harshbarger,56,"4 years, 8 months",4.67
Maggie,Margaret Wood,Hassan,Hassan,,,,H001076,,Senate,1/3/17,2/27/58,67,bioguide_id,,Maggie Hassan,104,"8 years, 8 months",8.67
Josh,Josh,Hawley,Hawley,,,,H001089,,Senate,1/3/19,12/31/79,45,bioguide_id,,Josh Hawley,80,"6 years, 8 months",6.67
Jahana,Jahana,Hayes,Hayes,,,,H001081,H8CT05245,House,1/3/19,3/8/73,52,bioguide_id,,Jahana Hayes,80,"6 years, 8 months",6.67
Martin,Martin,Heinrich,Heinrich,,,,H001046,,Senate,1/3/13,10/17/71,53,bioguide_id,,Martin Heinrich,152,"12 years, 8 months",12.67
Kevin,Kevin,Hern,Hern,,,,H001082,H8OK01157,House,11/13/18,12/4/61,63,bioguide_id,,Kevin Hern,82,"6 years, 10 months",6.83
John,John,Hickenlooper,Hickenlooper,W.,,,H000273,S0CO00575,Senate,1/3/21,2/7/52,73,bioguide_id,,John Hickenlooper,56,"4 years, 8 months",4.67
Clay,Clay,Higgins,Higgins,,,,H001077,H6LA03148,House,1/3/17,8/24/61,64,bioguide_id,,Clay Higgins,104,"8 years, 8 months",8.67
French,,Hill,,,,,,,House,1/3/15,12/5/56,68,,,French Hill,128,"10 years, 8 months",10.67
Jim,,Himes,,,,,,,House,1/3/09,7/5/66,59,,,Jim Himes,200,"16 years, 8 months",16.67
Ashley,Ashley,Hinson,Hinson,,,,H001091,H0IA01174,House,1/3/21,6/27/83,42,bioguide_id,,Ashley Hinson,56,"4 years, 8 months",4.67
Mazie,Mazie,Hirono,Hirono,K.,,,H001042,,Senate,1/3/13,11/3/47,77,bioguide_id,,Mazie Hirono,152,"12 years, 8 months",12.67
John,John,Hoeven,Hoeven,,,,H001061,S0ND00093,Senate,1/3/11,3/13/57,68,bioguide_id,,John Hoeven,176,"14 years, 8 months",14.67
Steven,Steven,Horsford,Horsford,,,,H001066,H2NV04011,House,1/3/19,4/29/73,52,bioguide_id,,Steven Horsford,80,"6 years, 8 months",6.67
Erin,Erin,Houchin,Houchin,,,,H001093,H6IN09143,House,1/3/23,9/24/76,49,bioguide_id,,Erin Houchin,32,"2 years, 8 months",2.67
Chrissy,Chrissy,Houlahan,Houlahan,,,,H001085,H8PA06087,House,1/3/19,6/5/67,58,bioguide_id,,Chrissy Houlahan,80,"6 years, 8 months",6.67
Steny,Steny,Hoyer,Hoyer,H.,,,H000874,H2MD05155,House,5/19/81,6/14/39,86,bioguide_id,,Steny Hoyer,532,"44 years, 4 months",44.33
Val,Val,Hoyle,Hoyle,T.,,,H001094,H2OR04095,House,1/3/23,2/14/64,61,bioguide_id,,Val Hoyle,32,"2 years, 8 months",2.67
Richard,Richard,Hudson,Hudson,,,Jr.,H001067,H2NC08185,House,1/3/13,11/4/71,53,bioguide_id,,Richard Hudson,152,"12 years, 8 months",12.67
Jared,Jared,Huffman,Huffman,,,,H001068,H2CA06259,House,1/3/13,2/18/64,61,bioguide_id,,Jared Huffman,152,"12 years, 8 months",12.67
Bill,Bill,Huizenga,Huizenga,,,,H001058,H0MI02094,House,1/3/11,1/31/69,56,bioguide_id,,Bill Huizenga,176,"14 years, 8 months",14.67
Wesley,Wesley,Hunt,Hunt,,,,H001095,H0TX07170,House,1/3/23,11/13/81,43,bioguide_id,,Wesley Hunt,32,"2 years, 8 months",2.67
Jeff,Jeff,Hurd,Hurd,,,,H001100,,House,1/3/25,8/15/79,46,bioguide_id,,Jeff Hurd,8,8 months,0.67
Jon,Jon,Husted,Husted,,,,H001104,S6OH00304,Senate,1/21/25,8/25/67,58,bioguide_id,,Jon Husted,8,8 months,0.67
Cindy,Cindy,Hyde-Smith,Hyde-Smith,,,,H001079,S8MS00261,Senate,4/9/18,5/10/59,66,bioguide_id,,Cindy Hyde-Smith,89,"7 years, 5 months",7.42
Nick Begich,,III,,,,,,,House,1/3/25,10/27/77,47,,,Nick Begich III,8,8 months,0.67
Darrell,Darrell,Issa,Issa,,,,I000056,H0CA48024,House,1/3/21,11/1/53,71,bioguide_id,,Darrell Issa,56,"4 years, 8 months",4.67
Glenn,Glenn,Ivey,Ivey,,,,I000058,H2MD04315,House,1/3/23,2/27/61,64,bioguide_id,,Glenn Ivey,32,"2 years, 8 months",2.67
Brian,Brian,Jack,Jack,,,,J000311,H4GA03126,House,1/3/25,2/17/88,37,bioguide_id,,Brian Jack,8,8 months,0.67
Jonathan,Jonathan,Jackson,Jackson,L.,,,J000309,H2IL01349,House,1/3/23,1/7/66,59,bioguide_id,,Jonathan Jackson,32,"2 years, 8 months",2.67
Ronny,Ronny,Jackson,Jackson,,,,J000304,H0TX13228,House,1/3/21,5/4/67,58,bioguide_id,,Ronny Jackson,56,"4 years, 8 months",4.67
Sara,Sara,Jacobs,Jacobs,,,,J000305,H8CA49074,House,1/3/21,2/1/89,36,bioguide_id,,Sara Jacobs,56,"4 years, 8 months",4.67
John,John,James,James,,,,J000307,H2MI10150,House,1/3/23,6/8/81,44,bioguide_id,,John James,32,"2 years, 8 months",2.67
Pramila,Pramila,Jayapal,Jayapal,,,,J000298,H6WA07458,House,1/3/17,9/21/65,60,bioguide_id,,Pramila Jayapal,104,"8 years, 8 months",8.67
Hakeem,Hakeem,Jeffries,Jeffries,S.,,,J000294,H2NY10092,House,1/3/13,8/4/70,55,bioguide_id,,Hakeem Jeffries,152,"12 years, 8 months",12.67
Ron,Ron,Johnson,Johnson,,,,J000293,,Senate,1/3/11,4/8/55,70,bioguide_id,,Ron Johnson,176,"14 years, 8 months",14.67
Hank,,Johnson,,,,,,,House,1/3/07,10/2/54,70,,,Hank Johnson,224,"18 years, 8 months",18.67
Mike,Mike,Johnson,Johnson,,,,J000299,H6LA04138,House,1/3/17,1/30/72,53,bioguide_id,,Mike Johnson,104,"8 years, 8 months",8.67
Dusty,Dusty,Johnson,Johnson,,,,J000301,H8SD01055,House,1/3/19,9/30/76,48,bioguide_id,,Dusty Johnson,80,"6 years, 8 months",6.67
Julie,Julie,Johnson,Johnson,,,,J000310,H4TX32089,House,1/3/25,5/2/66,59,bioguide_id,,Julie Johnson,8,8 months,0.67
Jim,Jim,Jordan,Jordan,,,,J000289,H6OH04082,House,1/3/07,2/17/64,61,bioguide_id,,Jim Jordan,224,"18 years, 8 months",18.67
David,David,Joyce,Joyce,P.,,,J000295,H2OH14064,House,1/3/13,3/17/57,68,bioguide_id,,David Joyce,152,"12 years, 8 months",12.67
John,John,Joyce,Joyce,,,,J000302,H8PA13125,House,1/3/19,2/8/57,68,bioguide_id,,John Joyce,80,"6 years, 8 months",6.67
Thomas Kean,,Jr.,,,,,,,House,1/3/23,9/5/68,57,,,Thomas Kean Jr.,32,"2 years, 8 months",2.67
Jim,,Justice,,,,,,,Senate,1/14/25,4/27/51,74,,,Jim Justice,8,8 months,0.67
Tim,Tim,Kaine,Kaine,,,,,,Senate,1/3/13,2/26/58,67,slug,,Tim Kaine,152,"12 years, 8 months",12.67
Sydney,Sydney,Kamlager-Dove,Kamlager-Dove,,,,K000400,H2CA37304,House,1/3/23,7/20/72,53,bioguide_id,,Sydney Kamlager-Dove,32,"2 years, 8 months",2.67
Marcy,Marcy,Kaptur,Kaptur,,,,K000009,H2OH09031,House,1/3/83,6/17/46,79,bioguide_id,,Marcy Kaptur,512,"42 years, 8 months",42.67
Bill,,Keating,,,,,,,House,1/3/11,9/6/52,73,,,Bill Keating,176,"14 years, 8 months",14.67
Mark,Mark,Kelly,Kelly,,,,K000377,S0AZ00350,Senate,12/2/20,2/21/64,61,bioguide_id,,Mark Kelly,57,"4 years, 9 months",4.75
Robin,Robin,Kelly,Kelly,L.,,,K000385,S6IL00474,House,4/11/13,4/30/56,69,bioguide_id,,Robin Kelly,149,"12 years, 5 months",12.42
Trent,Trent,Kelly,Kelly,,,,K000388,H6MS01131,House,6/2/15,3/1/66,59,bioguide_id,,Trent Kelly,123,"10 years, 3 months",10.25
Mike,Mike,Kelly,Kelly,,,Jr.,K000376,H0PA03271,House,1/3/11,5/10/48,77,bioguide_id,,Mike Kelly,176,"14 years, 8 months",14.67
John,John,Kennedy,Kennedy,,,,K000393,S4LA00065,Senate,1/3/17,11/21/51,73,bioguide_id,,John Kennedy,104,"8 years, 8 months",8.67
Tim,,Kennedy,,,,,,,House,5/6/24,10/20/76,48,,,Tim Kennedy,16,"1 year, 4 months",1.33
Mike,Mike,Kennedy,Kennedy,,,,K000403,,House,1/3/25,2/2/69,56,bioguide_id,,Mike Kennedy,8,8 months,0.67
Ro,Ro,Khanna,Khanna,,,,K000389,H4CA12055,House,1/3/17,9/13/76,49,bioguide_id,,Ro Khanna,104,"8 years, 8 months",8.67
Jen,,Kiggans,,,,,,,House,1/3/23,6/18/71,54,,,Jen Kiggans,32,"2 years, 8 months",2.67
Kevin,Kevin,Kiley,Kiley,,,,K000401,H2CA03157,House,1/3/23,1/30/85,40,bioguide_id,,Kevin Kiley,32,"2 years, 8 months",2.67
Andy,Andy,Kim,Kim,,,,K000394,H8NJ03206,Senate,12/8/24,7/12/82,43,bioguide_id,,Andy Kim,9,9 months,0.75
Young,Young,Kim,Kim,,,,K000397,H8CA39240,House,1/3/21,10/18/62,62,bioguide_id,,Young Kim,56,"4 years, 8 months",4.67
Angus,Angus,King,King,S.,,Jr.,K000383,,Senate,1/3/13,3/31/44,81,bioguide_id,,Angus King,152,"12 years, 8 months",12.67
Amy,Amy,Klobuchar,Klobuchar,,,,K000367,,Senate,1/3/07,5/25/60,65,bioguide_id,,Amy Klobuchar,224,"18 years, 8 months",18.67
Brad,Brad,Knott,Knott,,,,K000405,,House,1/3/25,4/17/86,39,bioguide_id,,Brad Knott,8,8 months,0.67
Raja,Raja,Krishnamoorthi,Krishnamoorthi,,,,K000391,H6IL08147,House,1/3/17,7/19/73,52,bioguide_id,,Raja Krishnamoorthi,104,"8 years, 8 months",8.67
David,David,Kustoff,Kustoff,,,,K000392,H2TN07103,House,1/3/17,10/8/66,58,bioguide_id,,David Kustoff,104,"8 years, 8 months",8.67
Darin,Darin,LaHood,LaHood,,,,L000585,H6IL18088,House,9/17/15,7/5/68,57,bioguide_id,,Darin LaHood,120,10 years,10
Nick,Nick,LaLota,LaLota,,,,L000598,H2NY01190,House,1/3/23,6/23/78,47,bioguide_id,,Nick LaLota,32,"2 years, 8 months",2.67
Doug,Doug,LaMalfa,LaMalfa,,,,L000578,H2CA02142,House,1/3/13,7/2/60,65,bioguide_id,,Doug LaMalfa,152,"12 years, 8 months",12.67
Greg,Greg,Landsman,Landsman,,,,L000601,H2OH01194,House,1/3/23,12/4/76,48,bioguide_id,,Greg Landsman,32,"2 years, 8 months",2.67
Nick,,Langworthy,,,,,,,House,1/3/23,2/27/81,44,,,Nick Langworthy,32,"2 years, 8 months",2.67
James,James,Lankford,Lankford,,,,L000575,S4OK00232,Senate,1/3/15,3/4/68,57,bioguide_id,,James Lankford,128,"10 years, 8 months",10.67
Rick,Rick,Larsen,Larsen,,,,L000560,H0WA02080,House,1/3/01,6/15/65,60,bioguide_id,,Rick Larsen,296,"24 years, 8 months",24.67
John B.,,Larson,,,,,,,House,1/3/99,7/22/48,77,,,John B. Larson,320,"26 years, 8 months",26.67
George,George,Latimer,Latimer,,,,L000606,H4NY16087,House,1/3/25,11/22/53,71,bioguide_id,,George Latimer,8,8 months,0.67
Bob,,Latta,,,,,,,House,12/13/07,4/18/56,69,,,Bob Latta,213,"17 years, 9 months",17.75
Mike,,Lawler,,,,,,,House,1/3/23,9/9/86,39,,,Mike Lawler,32,"2 years, 8 months",2.67
Mike,Mike,Lee,Lee,,,,L000577,S0UT00165,Senate,1/3/11,6/4/71,54,bioguide_id,,Mike Lee,176,"14 years, 8 months",14.67
Laurel,Laurel,Lee,Lee,M.,,,L000597,H2FL15241,House,1/3/23,3/26/74,51,bioguide_id,,Laurel Lee,32,"2 years, 8 months",2.67
Susie,Susie,Lee,Lee,,,,L000590,H6NV04020,House,1/3/19,11/7/66,58,bioguide_id,,Susie Lee,80,"6 years, 8 months",6.67
Summer,Summer,Lee,Lee,L.,,,L000602,H2PA18200,House,1/3/23,11/26/87,37,bioguide_id,,Summer Lee,32,"2 years, 8 months",2.67
Julia,Julia,Letlow,Letlow,,,,L000595,H2LA05126,House,4/14/21,3/16/81,44,bioguide_id,,Julia Letlow,53,"4 years, 5 months",4.42
Mike,Mike,Levin,Levin,,,,L000593,H8CA49058,House,1/3/19,10/20/78,46,bioguide_id,,Mike Levin,80,"6 years, 8 months",6.67
Sam,Sam,Liccardo,Liccardo,T.,,,L000607,H4CA16197,House,1/3/25,4/16/70,55,bioguide_id,,Sam Liccardo,8,8 months,0.67
Ted,Ted,Lieu,Lieu,,,,L000582,H4CA33119,House,1/3/15,3/29/69,56,bioguide_id,,Ted Lieu,128,"10 years, 8 months",10.67
Zoe,Zoe,Lofgren,Lofgren,,,,L000397,H4CA16049,House,1/3/95,12/21/47,77,bioguide_id,,Zoe Lofgren,368,"30 years, 8 months",30.67
Barry,Barry,Loudermilk,Loudermilk,,,,L000583,H4GA11061,House,1/3/15,12/22/63,61,bioguide_id,,Barry Loudermilk,128,"10 years, 8 months",10.67
Frank,Frank,Lucas,Lucas,D.,,,L000491,H4OK06056,House,5/10/94,1/6/60,65,bioguide_id,,Frank Lucas,376,"31 years, 4 months",31.33
Ben Ray,Ben Ray,Luján,Luján,,,,,,Senate,1/3/21,6/7/72,53,slug,,Ben Ray Luján,56,"4 years, 8 months",4.67
Cynthia,Cynthia,Lummis,Lummis,M.,,,L000571,S0WY00137,Senate,1/3/21,9/10/54,71,bioguide_id,,Cynthia Lummis,56,"4 years, 8 months",4.67
Anna Paulina,Anna Paulina,Luna,Luna,,,,L000596,H0FL13158,House,1/3/23,5/6/89,36,bioguide_id,,Anna Paulina Luna,32,"2 years, 8 months",2.67
Morgan,Morgan,Luttrell,Luttrell,,,,L000603,H2TX08182,House,1/3/23,11/7/75,49,bioguide_id,,Morgan Luttrell,32,"2 years, 8 months",2.67
Stephen F.,,Lynch,,,,,,,House,10/16/01,3/31/55,70,,,Stephen F. Lynch,287,"23 years, 11 months",23.92
Nancy,Nancy,Mace,Mace,,,,M000194,H0SC01394,House,1/3/21,12/4/77,47,bioguide_id,,Nancy Mace,56,"4 years, 8 months",4.67
Ryan,Ryan,Mackenzie,Mackenzie,,,,M001230,H8PA15195,House,1/3/25,8/3/82,43,bioguide_id,,Ryan Mackenzie,8,8 months,0.67
Seth,Seth,Magaziner,Magaziner,,,,M001223,H2RI02184,House,1/3/23,7/22/83,42,bioguide_id,,Seth Magaziner,32,"2 years, 8 months",2.67
Nicole,Nicole,Malliotakis,Malliotakis,,,,M000317,H0NY11078,House,1/3/21,11/11/80,44,bioguide_id,,Nicole Malliotakis,56,"4 years, 8 months",4.67
Celeste,Celeste,Maloy,Maloy,,,,M001228,H4UT02296,House,11/28/23,5/22/81,44,bioguide_id,,Celeste Maloy,22,"1 year, 10 months",1.83
Tracey,Tracey,Mann,Mann,,,,M000871,H0KS01123,House,1/3/21,12/17/76,48,bioguide_id,,Tracey Mann,56,"4 years, 8 months",4.67
John,John,Mannion,Mannion,W.,,,M001231,H4NY22085,House,1/3/25,7/8/68,57,bioguide_id,,John Mannion,8,8 months,0.67
Ed,,Markey,,,,,,,Senate,7/16/13,7/11/46,79,,,Ed Markey,146,"12 years, 2 months",12.17
Roger,Roger,Marshall,Marshall,,,,M001198,S0KS00315,Senate,1/3/21,8/9/60,65,bioguide_id,,Roger Marshall,56,"4 years, 8 months",4.67
Thomas,Thomas,Massie,Massie,,,,M001184,H2KY04121,House,11/13/12,1/13/71,54,bioguide_id,,Thomas Massie,154,"12 years, 10 months",12.83
Brian,Brian,Mast,Mast,J.,,,M001199,H6FL18097,House,1/3/17,7/10/80,45,bioguide_id,,Brian Mast,104,"8 years, 8 months",8.67
Doris,Doris,Matsui,Matsui,O.,,,M001163,H6CA05195,House,3/10/05,9/25/44,81,bioguide_id,,Doris Matsui,246,"20 years, 6 months",20.5
Lucy,Lucy,McBath,McBath,,,,M001208,H8GA06393,House,1/3/19,6/1/60,65,bioguide_id,,Lucy McBath,80,"6 years, 8 months",6.67
Sarah,Sarah,McBride,McBride,,,,M001238,H4DE00045,House,1/3/25,8/9/90,35,bioguide_id,,Sarah McBride,8,8 months,0.67
Michael,Michael,McCaul,McCaul,T.,,,M001157,H4TX10093,House,1/3/05,1/14/62,63,bioguide_id,,Michael McCaul,248,"20 years, 8 months",20.67
Lisa,Lisa,McClain,McClain,C.,,,M001136,H0MI10287,House,1/3/21,4/7/66,59,bioguide_id,,Lisa McClain,56,"4 years, 8 months",4.67
Jennifer,Jennifer,McClellan,McClellan,L.,,,M001227,H4VA04066,House,3/7/23,12/28/72,52,bioguide_id,,Jennifer McClellan,30,"2 years, 6 months",2.5
Tom,Tom,McClintock,McClintock,,,,M001177,H8CA04152,House,1/3/09,7/10/56,69,bioguide_id,,Tom McClintock,200,"16 years, 8 months",16.67
Betty,Betty,McCollum,McCollum,,,,M001143,H0MN04049,House,1/3/01,7/12/54,71,bioguide_id,,Betty McCollum,296,"24 years, 8 months",24.67
Mitch,Mitch,McConnell,McConnell,,,,M000355,,Senate,1/3/85,2/20/42,83,bioguide_id,,Mitch McConnell,488,"40 years, 8 months",40.67
Dave,,McCormick,,,,,,,Senate,1/3/25,8/17/65,60,,,Dave McCormick,8,8 months,0.67
Rich,,McCormick,,,,,,,House,1/3/23,10/7/68,56,,,Rich McCormick,32,"2 years, 8 months",2.67
Addison,Addison,McDowell,McDowell,P.,,,M001240,H4NC06177,House,1/3/25,1/21/94,31,bioguide_id,,Addison McDowell,8,8 months,0.67
Morgan,Morgan,McGarvey,McGarvey,,,,M001220,H2KY03206,House,1/3/23,12/23/79,45,bioguide_id,,Morgan McGarvey,32,"2 years, 8 months",2.67
Jim,,McGovern,,,,,,,House,1/3/97,11/20/59,65,,,Jim McGovern,344,"28 years, 8 months",28.67
John,John,McGuire,McGuire,J.,,III,M001239,H2VA07196,House,1/3/25,8/24/68,57,bioguide_id,,John McGuire,8,8 months,0.67
LaMonica,LaMonica,McIver,McIver,,,,M001229,H4NJ10176,House,9/23/24,6/20/86,39,bioguide_id,,LaMonica McIver,12,1 year,1
Gregory,Gregory,Meeks,Meeks,W.,,,M001137,H8NY06048,House,2/5/98,9/25/53,72,bioguide_id,,Gregory Meeks,331,"27 years, 7 months",27.58
Rob,,Menendez,,,,,,,House,1/3/23,7/12/85,40,,,Rob Menendez,32,"2 years, 8 months",2.67
Grace,Grace,Meng,Meng,,,,M001188,H2NY06116,House,1/3/13,10/1/75,49,bioguide_id,,Grace Meng,152,"12 years, 8 months",12.67
Jeff,Jeff,Merkley,Merkley,,,,M001176,,Senate,1/3/09,10/24/56,68,bioguide_id,,Jeff Merkley,200,"16 years, 8 months",16.67
Mark,Mark,Messmer,Messmer,B.,,,M001233,H4IN08249,House,1/3/25,12/16/67,57,bioguide_id,,Mark Messmer,8,8 months,0.67
Dan,,Meuser,,,,,,,House,1/3/19,2/10/64,61,,,Dan Meuser,80,"6 years, 8 months",6.67
Kweisi,Kweisi,Mfume,Mfume,,,,M000687,H6MD07020,House,5/5/20,10/24/48,76,bioguide_id,,Kweisi Mfume,64,"5 years, 4 months",5.33
Mary,Mary,Miller,Miller,E.,,,M001211,H0IL15129,House,1/3/21,8/27/59,66,bioguide_id,,Mary Miller,56,"4 years, 8 months",4.67
Max,Max,Miller,Miller,L.,,,M001222,H2OH16051,House,1/3/23,11/13/88,36,bioguide_id,,Max Miller,32,"2 years, 8 months",2.67
Carol,Carol,Miller,Miller,D.,,,M001205,H8WV03097,House,1/3/19,11/4/50,74,bioguide_id,,Carol Miller,80,"6 years, 8 months",6.67
Mariannette,Mariannette,Miller-Meeks,Miller-Meeks,,,,M001215,H8IA02043,House,1/3/21,9/6/55,70,bioguide_id,,Mariannette Miller-Meeks,56,"4 years, 8 months",4.67
Cory,Cory,Mills,Mills,,,,M001216,H2FL07156,House,1/3/23,7/13/80,45,bioguide_id,,Cory Mills,32,"2 years, 8 months",2.67
Dave,Dave,Min,Min,,,,M001241,H4CA47085,House,1/3/25,3/5/76,49,bioguide_id,,Dave Min,8,8 months,0.67
Ashley,Ashley,Moody,Moody,,,,M001244,S6FL00640,Senate,1/21/25,3/28/75,50,bioguide_id,,Ashley Moody,8,8 months,0.67
John,John,Moolenaar,Moolenaar,R.,,,M001194,H4MI04126,House,1/3/15,5/8/61,64,bioguide_id,,John Moolenaar,128,"10 years, 8 months",10.67
Barry,Barry,Moore,Moore,,,,M001212,H8AL02171,House,1/3/21,9/26/66,59,bioguide_id,,Barry Moore,56,"4 years, 8 months",4.67
Tim,Tim,Moore,Moore,,,,M001236,,House,1/3/25,10/2/70,54,bioguide_id,,Tim Moore,8,8 months,0.67
Blake,Blake,Moore,Moore,D.,,,M001213,H0UT01205,House,1/3/21,6/22/80,45,bioguide_id,,Blake Moore,56,"4 years, 8 months",4.67
Riley,Riley,Moore,Moore,M.,,,M001235,H4WV02205,House,1/3/25,7/1/80,45,bioguide_id,,Riley Moore,8,8 months,0.67
Gwen,Gwen,Moore,Moore,,,,M001160,H4WI04183,House,1/3/05,4/18/51,74,bioguide_id,,Gwen Moore,248,"20 years, 8 months",20.67
Jerry,Jerry,Moran,Moran,,,,M000934,S0KS00091,Senate,1/3/11,5/29/54,71,bioguide_id,,Jerry Moran,176,"14 years, 8 months",14.67
Nathaniel,Nathaniel,Moran,Moran,,,,M001224,H2TX01112,House,1/3/23,9/23/74,51,bioguide_id,,Nathaniel Moran,32,"2 years, 8 months",2.67
Joseph,Joseph,Morelle,Morelle,D.,,,M001206,H8NY25105,House,11/13/18,4/29/57,68,bioguide_id,,Joseph Morelle,82,"6 years, 10 months",6.83
Bernie,Bernie,Moreno,Moreno,,,,M001242,S2OH00386,Senate,1/3/25,2/14/67,58,bioguide_id,,Bernie Moreno,8,8 months,0.67
Kelly,Kelly,Morrison,Morrison,,,,M001234,H4MN03118,House,1/3/25,2/2/69,56,bioguide_id,,Kelly Morrison,8,8 months,0.67
Jared,Jared,Moskowitz,Moskowitz,,,,M001217,H2FL22171,House,1/3/23,12/18/80,44,bioguide_id,,Jared Moskowitz,32,"2 years, 8 months",2.67
Seth,Seth,Moulton,Moulton,,,,M001196,H4MA06090,House,1/3/15,10/24/78,46,bioguide_id,,Seth Moulton,128,"10 years, 8 months",10.67
Frank J.,,Mrvan,,,,,,,House,1/3/21,4/16/69,56,,,Frank J. Mrvan,56,"4 years, 8 months",4.67
Markwayne,Markwayne,Mullin,Mullin,,,,M001190,S2OK00186,Senate,1/3/23,7/26/77,48,bioguide_id,,Markwayne Mullin,32,"2 years, 8 months",2.67
Kevin,Kevin,Mullin,Mullin,,,,M001225,H2CA14162,House,1/3/23,6/15/70,55,bioguide_id,,Kevin Mullin,32,"2 years, 8 months",2.67
Lisa,Lisa,Murkowski,Murkowski,,,,M001153,S4AK00099,Senate,12/20/02,5/22/57,68,bioguide_id,,Lisa Murkowski,273,"22 years, 9 months",22.75
Chris,,Murphy,,,,,,,Senate,1/3/13,8/3/73,52,,,Chris Murphy,152,"12 years, 8 months",12.67
Greg,,Murphy,,,,,,,House,9/17/19,3/5/63,62,,,Greg Murphy,72,6 years,6
Patty,Patty,Murray,Murray,,,,M001111,S2WA00189,Senate,1/3/93,10/11/50,74,bioguide_id,,Patty Murray,392,"32 years, 8 months",32.67
Jerry,,Nadler,,,,,,,House,11/3/92,6/13/47,78,,,Jerry Nadler,394,"32 years, 10 months",32.83
Richard,Richard,Neal,Neal,E.,,,N000015,H8MA02041,House,1/3/89,2/14/49,76,bioguide_id,,Richard Neal,440,"36 years, 8 months",36.67
Joe,Joe,Neguse,Neguse,,,,N000191,,House,1/3/19,5/13/84,41,bioguide_id,,Joe Neguse,80,"6 years, 8 months",6.67
Troy,Troy,Nehls,Nehls,E.,,,N000026,H0TX22302,House,1/3/21,4/7/68,57,bioguide_id,,Troy Nehls,56,"4 years, 8 months",4.67
Dan,Dan,Newhouse,Newhouse,,,,N000189,H4WA04104,House,1/3/15,7/10/55,70,bioguide_id,,Dan Newhouse,128,"10 years, 8 months",10.67
Donald,Donald,Norcross,Norcross,,,,N000188,H4NJ01084,House,11/12/14,12/13/58,66,bioguide_id,,Donald Norcross,130,"10 years, 10 months",10.83
Ralph,Ralph,Norman,Norman,,,Jr.,N000190,H8SC05158,House,6/20/17,6/20/53,72,bioguide_id,,Ralph Norman,99,"8 years, 3 months",8.25
Zach,,Nunn,,,,,,,House,1/3/23,5/4/79,46,,,Zach Nunn,32,"2 years, 8 months",2.67
Jay,Jay,Obernolte,Obernolte,,,,O000019,H0CA08135,House,1/3/21,8/18/70,55,bioguide_id,,Jay Obernolte,56,"4 years, 8 months",4.67
Alexandria,Alexandria,Ocasio-Cortez,Ocasio-Cortez,,,,O000172,H8NY15148,House,1/3/19,10/13/89,35,bioguide_id,,Alexandria Ocasio-Cortez,80,"6 years, 8 months",6.67
Andy,,Ogles,,,,,,,House,1/3/23,6/18/71,54,,,Andy Ogles,32,"2 years, 8 months",2.67
Johnny,Johnny,Olszewski,Olszewski,,,,O000176,,House,1/3/25,9/10/82,43,bioguide_id,,Johnny Olszewski,8,8 months,0.67
Ilhan,Ilhan,Omar,Omar,,,,O000173,H8MN05239,House,1/3/19,10/4/82,42,bioguide_id,,Ilhan Omar,80,"6 years, 8 months",6.67
Bob,,Onder,,,,,,,House,1/3/25,1/6/62,63,,,Bob Onder,8,8 months,0.67
Derrick Van,Derrick,Orden,Van Orden,,,,V000135,H0WI03175,House,1/3/23,9/15/69,56,bioguide_id,,Derrick Van Orden,32,"2 years, 8 months",2.67
Jon,Jon,Ossoff,Ossoff,,,,O000174,,Senate,1/20/21,2/16/87,38,bioguide_id,,Jon Ossoff,56,"4 years, 8 months",4.67
Burgess,Burgess,Owens,Owens,,,,O000086,H0UT04076,House,1/3/21,8/2/51,74,bioguide_id,,Burgess Owens,56,"4 years, 8 months",4.67
Alex,Alex,Padilla,Padilla,,,,P000145,S2CA00955,Senate,1/20/21,3/22/73,52,bioguide_id,,Alex Padilla,56,"4 years, 8 months",4.67
Frank,Frank,Pallone,Pallone,,,Jr.,P000034,H8NJ03073,House,11/8/88,10/30/51,73,bioguide_id,,Frank Pallone,442,"36 years, 10 months",36.83
Gary,Gary,Palmer,Palmer,J.,,,P000609,H4AL06098,House,1/3/15,5/14/54,71,bioguide_id,,Gary Palmer,128,"10 years, 8 months",10.67
Jimmy,Jimmy,Panetta,Panetta,,,,P000613,H6CA20152,House,1/3/17,10/1/69,55,bioguide_id,,Jimmy Panetta,104,"8 years, 8 months",8.67
Chris,Chris,Pappas,Pappas,,,,P000614,H8NH01210,House,1/3/19,6/4/80,45,bioguide_id,,Chris Pappas,80,"6 years, 8 months",6.67
Jimmy,Jimmy,Patronis,Patronis,,,Jr.,P000622,,House,4/2/25,4/13/72,53,bioguide_id,,Jimmy Patronis,5,5 months,0.42
Rand,Rand,Paul,Paul,,,,P000603,S0KY00156,Senate,1/3/11,1/7/63,62,bioguide_id,,Rand Paul,176,"14 years, 8 months",14.67
Nancy,Nancy,Pelosi,Pelosi,,,,P000197,H8CA05035,House,6/2/87,3/26/40,85,bioguide_id,,Nancy Pelosi,459,"38 years, 3 months",38.25
Marie Gluesenkamp,Marie Gluesenkamp,Perez,Perez,,,,,H2WA03217,House,1/3/23,6/6/88,37,slug,,Marie Gluesenkamp Perez,32,"2 years, 8 months",2.67
Scott,Scott,Perry,Perry,,,,P000605,H2PA04135,House,1/3/13,5/27/62,63,bioguide_id,,Scott Perry,152,"12 years, 8 months",12.67
Gary,Gary,Peters,Peters,C.,,,P000595,,Senate,1/3/15,12/1/58,66,bioguide_id,,Gary Peters,128,"10 years, 8 months",10.67
Scott,Scott,Peters,Peters,H.,,,P000608,H2CA52089,House,1/3/13,6/17/58,67,bioguide_id,,Scott Peters,152,"12 years, 8 months",12.67
Brittany,Brittany,Pettersen,Pettersen,,,,P000620,H8CO07045,House,1/3/23,12/6/81,43,bioguide_id,,Brittany Pettersen,32,"2 years, 8 months",2.67
August,August,Pfluger,Pfluger,,,II,P000048,H0TX11230,House,1/3/21,12/28/78,46,bioguide_id,,August Pfluger,56,"4 years, 8 months",4.67
Chellie,Chellie,Pingree,Pingree,,,,P000597,H8ME01120,House,1/3/09,4/2/55,70,bioguide_id,,Chellie Pingree,200,"16 years, 8 months",16.67
Mark,Mark,Pocan,Pocan,,,,P000607,H2WI02124,House,1/3/13,8/14/64,61,bioguide_id,,Mark Pocan,152,"12 years, 8 months",12.67
Nellie,Nellie,Pou,Pou,,,,P000621,,House,1/3/25,5/20/56,69,bioguide_id,,Nellie Pou,8,8 months,0.67
Ayanna,Ayanna,Pressley,Pressley,,,,P000617,H8MA07032,House,1/3/19,2/3/74,51,bioguide_id,,Ayanna Pressley,80,"6 years, 8 months",6.67
Mike,Mike,Quigley,Quigley,,,,Q000023,H0IL05096,House,4/7/09,10/17/58,66,bioguide_id,,Mike Quigley,197,"16 years, 5 months",16.42
Delia,Delia,Ramirez,Ramirez,C.,,,R000617,H2IL03162,House,1/3/23,6/2/83,42,bioguide_id,,Delia Ramirez,32,"2 years, 8 months",2.67
Emily,Emily,Randall,Randall,,,,R000621,H4WA06117,House,1/3/25,10/3/85,39,bioguide_id,,Emily Randall,8,8 months,0.67
Jamie,Jamie,Raskin,Raskin,,,,R000606,H6MD08457,House,1/3/17,12/13/62,62,bioguide_id,,Jamie Raskin,104,"8 years, 8 months",8.67
Jack,Jack,Reed,Reed,,,,,,Senate,1/3/97,11/12/49,75,slug,,Jack Reed,344,"28 years, 8 months",28.67
Guy,Guy,Reschenthaler,Reschenthaler,,,,R000610,H8PA18199,House,1/3/19,4/17/83,42,bioguide_id,,Guy Reschenthaler,80,"6 years, 8 months",6.67
Pete,Pete,Ricketts,Ricketts,,,,R000618,S6NE00129,Senate,1/12/23,8/19/64,61,bioguide_id,,Pete Ricketts,32,"2 years, 8 months",2.67
Josh,Josh,Riley,Riley,,,,R000622,H8NY22177,House,1/3/25,1/21/81,44,bioguide_id,,Josh Riley,8,8 months,0.67
Jim,,Risch,,,,,,,Senate,1/3/09,5/3/43,82,,,Jim Risch,200,"16 years, 8 months",16.67
Luz,Luz,Rivas,Rivas,M.,,,R000620,H4CA29141,House,1/3/25,2/6/74,51,bioguide_id,,Luz Rivas,8,8 months,0.67
Kristen McDonald,Kristen,Rivet,McDonald Rivet,,,,M001237,H4MI08218,House,1/3/25,7/11/70,55,bioguide_id,,Kristen McDonald Rivet,8,8 months,0.67
Mike,Mike,Rogers,Rogers,D.,,,R000575,,House,1/3/03,7/16/58,67,bioguide_id,,Mike Rogers,272,"22 years, 8 months",22.67
Hal,,Rogers,,,,,,,House,1/3/81,12/31/37,87,,,Hal Rogers,536,"44 years, 8 months",44.67
John,John,Rose,Rose,W.,,,R000612,H8TN06094,House,1/3/19,2/23/65,60,bioguide_id,,John Rose,80,"6 years, 8 months",6.67
Jacky,Jacky,Rosen,Rosen,,,,R000608,,Senate,1/3/19,8/2/57,68,bioguide_id,,Jacky Rosen,80,"6 years, 8 months",6.67
Deborah,Deborah,Ross,Ross,K.,,,R000305,H0NC02125,House,1/3/21,6/20/63,62,bioguide_id,,Deborah Ross,56,"4 years, 8 months",4.67
Mike,Mike,Rounds,Rounds,,,,R000605,,Senate,1/3/15,10/24/54,70,bioguide_id,,Mike Rounds,128,"10 years, 8 months",10.67
David,David,Rouzer,Rouzer,,,,R000603,H2NC07096,House,1/3/15,2/16/72,53,bioguide_id,,David Rouzer,128,"10 years, 8 months",10.67
Chip,Chip,Roy,Roy,,,,R000614,H8TX21307,House,1/3/19,8/7/72,53,bioguide_id,,Chip Roy,80,"6 years, 8 months",6.67
Raul,Raul,Ruiz,Ruiz,,,,R000599,H2CA36439,House,1/3/13,8/25/72,53,bioguide_id,,Raul Ruiz,152,"12 years, 8 months",12.67
Michael,Michael,Rulli,Rulli,A.,,,R000619,H4OH06165,House,6/25/24,3/11/69,56,bioguide_id,,Michael Rulli,15,"1 year, 3 months",1.25
John,John,Rutherford,Rutherford,H.,,,R000609,H6FL04105,House,1/3/17,9/2/52,73,bioguide_id,,John Rutherford,104,"8 years, 8 months",8.67
Pat,,Ryan,,,,,,,House,9/13/22,3/28/82,43,,,Pat Ryan,36,3 years,3
Linda,Linda,Sánchez,Sánchez,T.,,,S001156,H2CA39078,House,1/3/03,1/28/69,56,bioguide_id,,Linda Sánchez,272,"22 years, 8 months",22.67
María Elvira,Maria Elvira,Salazar,Salazar,,,,,,House,1/3/21,11/1/61,63,slug,,María Elvira Salazar,56,"4 years, 8 months",4.67
Andrea,Andrea,Salinas,Salinas,,,,S001226,H2OR06066,House,1/3/23,12/6/69,55,bioguide_id,,Andrea Salinas,32,"2 years, 8 months",2.67
Bernie,Bernard,Sanders,Sanders,,,,S000033,,Senate,1/3/07,9/8/41,84,bioguide_id,,Bernie Sanders,224,"18 years, 8 months",18.67
Steve,Steve,Scalise,Scalise,,,,S001176,H0LA01087,House,5/3/08,10/6/65,59,bioguide_id,,Steve Scalise,208,"17 years, 4 months",17.33
Mary Gay,Mary Gay,Scanlon,Scanlon,,,,S001205,H8PA07200,House,11/13/18,8/30/59,66,bioguide_id,,Mary Gay Scanlon,82,"6 years, 10 months",6.83
Jan,,Schakowsky,,,,,,,House,1/3/99,5/26/44,81,,,Jan Schakowsky,320,"26 years, 8 months",26.67
Brian,Brian,Schatz,Schatz,,,,S001194,S4HI00136,Senate,12/26/12,10/20/72,52,bioguide_id,,Brian Schatz,153,"12 years, 9 months",12.75
Adam,Adam,Schiff,Schiff,B.,,,S001150,H0CA27085,Senate,12/8/24,6/22/60,65,bioguide_id,,Adam Schiff,9,9 months,0.75
Derek,Derek,Schmidt,Schmidt,,,,S001228,H4KS02164,House,1/3/25,1/23/68,57,bioguide_id,,Derek Schmidt,8,8 months,0.67
Eric,Eric,Schmitt,Schmitt,,,,S001227,S2MO00544,Senate,1/3/23,6/20/75,50,bioguide_id,,Eric Schmitt,32,"2 years, 8 months",2.67
Brad,,Schneider,,,,,,,House,1/3/17,8/20/61,64,,,Brad Schneider,104,"8 years, 8 months",8.67
Hillary,Hillary,Scholten,Scholten,J.,,,S001221,H0MI03316,House,1/3/23,2/22/82,43,bioguide_id,,Hillary Scholten,32,"2 years, 8 months",2.67
Kim,Kim,Schrier,Schrier,,,,S001216,H8WA08189,House,1/3/19,8/23/68,57,bioguide_id,,Kim Schrier,80,"6 years, 8 months",6.67
Debbie Wasserman,Debbie,Schultz,Wasserman Schultz,,,,W000797,H4FL20023,House,1/3/05,9/27/66,59,bioguide_id,,Debbie Wasserman Schultz,248,"20 years, 8 months",20.67
Chuck,,Schumer,,,,,,,Senate,1/3/99,11/23/50,74,,,Chuck Schumer,320,"26 years, 8 months",26.67
David,David,Schweikert,Schweikert,,,,S001183,H4AZ06045,House,1/3/11,3/3/62,63,bioguide_id,,David Schweikert,176,"14 years, 8 months",14.67
Rick,Rick,Scott,Scott,,,,S001217,,Senate,1/8/19,12/1/52,72,bioguide_id,,Rick Scott,80,"6 years, 8 months",6.67
Tim,Tim,Scott,Scott,,,,S001184,S4SC00240,Senate,1/2/13,9/19/65,60,bioguide_id,,Tim Scott,152,"12 years, 8 months",12.67
Austin,Austin,Scott,Scott,,,,S001189,H0GA08099,House,1/3/11,12/10/69,55,bioguide_id,,Austin Scott,176,"14 years, 8 months",14.67
David,David,Scott,Scott,,,,S001157,H2GA13012,House,1/3/03,6/27/45,80,bioguide_id,,David Scott,272,"22 years, 8 months",22.67
Bobby,,Scott,,,,,,,House,1/3/93,4/30/47,78,,,Bobby Scott,392,"32 years, 8 months",32.67
Keith,Keith,Self,Self,,,,S001224,H2TX03290,House,1/3/23,3/20/53,72,bioguide_id,,Keith Self,32,"2 years, 8 months",2.67
Pete,Pete,Sessions,Sessions,,,,S000250,H2TX03126,House,1/3/21,3/22/55,70,bioguide_id,,Pete Sessions,56,"4 years, 8 months",4.67
Terri,Terri,Sewell,Sewell,A.,,,S001185,H0AL07086,House,1/3/11,1/1/65,60,bioguide_id,,Terri Sewell,176,"14 years, 8 months",14.67
Jeanne,Jeanne,Shaheen,Shaheen,,,,S001181,,Senate,1/3/09,1/28/47,78,bioguide_id,,Jeanne Shaheen,200,"16 years, 8 months",16.67
Tim,Tim,Sheehy,Sheehy,Patrick,,,S001232,S4MT00183,Senate,1/3/25,11/18/85,39,bioguide_id,,Tim Sheehy,8,8 months,0.67
Brad,Brad,Sherman,Sherman,,,,S000344,H6CA24113,House,1/3/97,10/24/54,70,bioguide_id,,Brad Sherman,344,"28 years, 8 months",28.67
Mikie,Mikie,Sherrill,Sherrill,,,,S001207,H8NJ11142,House,1/3/19,1/19/72,53,bioguide_id,,Mikie Sherrill,80,"6 years, 8 months",6.67
Jefferson,Jefferson,Shreve,Shreve,,,,S001229,H4IN06185,House,1/3/25,9/24/65,60,bioguide_id,,Jefferson Shreve,8,8 months,0.67
Lateefah,Lateefah,Simon,Simon,,,,S001231,H4CA12154,House,1/3/25,1/29/77,48,bioguide_id,,Lateefah Simon,8,8 months,0.67
Mike,,Simpson,,,,,,,House,1/3/99,9/8/50,75,,,Mike Simpson,320,"26 years, 8 months",26.67
Elissa,Elissa,Slotkin,Slotkin,,,,S001208,H8MI08102,Senate,1/3/25,7/10/76,49,bioguide_id,,Elissa Slotkin,8,8 months,0.67
Tina,Tina,Smith,Smith,,,,S001203,,Senate,1/3/18,3/4/58,67,bioguide_id,,Tina Smith,92,"7 years, 8 months",7.67
Jason,Jason,Smith,Smith,,,,S001195,H4MO08162,House,6/4/13,6/16/80,45,bioguide_id,,Jason Smith,147,"12 years, 3 months",12.25
Adrian,Adrian,Smith,Smith,,,,S001172,H6NE03115,House,1/3/07,12/19/70,54,bioguide_id,,Adrian Smith,224,"18 years, 8 months",18.67
Chris,,Smith,,,,,,,House,1/3/81,3/4/53,72,,,Chris Smith,536,"44 years, 8 months",44.67
Adam,Adam,Smith,Smith,,,,S000510,H6WA09025,House,1/3/97,6/15/65,60,bioguide_id,,Adam Smith,344,"28 years, 8 months",28.67
Lloyd,Lloyd,Smucker,Smucker,,,,S001199,H6PA16320,House,1/3/17,1/23/64,61,bioguide_id,,Lloyd Smucker,104,"8 years, 8 months",8.67
Eric,Eric,Sorensen,Sorensen,,,,S001225,H2IL17147,House,1/3/23,3/18/76,49,bioguide_id,,Eric Sorensen,32,"2 years, 8 months",2.67
Darren,Darren,Soto,Soto,,,,S001200,H6FL09179,House,1/3/17,2/25/78,47,bioguide_id,,Darren Soto,104,"8 years, 8 months",8.67
Victoria,Victoria,Spartz,Spartz,,,,S000929,H0IN05326,House,1/3/21,10/6/78,46,bioguide_id,,Victoria Spartz,56,"4 years, 8 months",4.67
Melanie,Melanie,Stansbury,Stansbury,A.,,,S001218,H2NM01144,House,6/14/21,1/31/79,46,bioguide_id,,Melanie Stansbury,51,"4 years, 3 months",4.25
Greg,Greg,Stanton,Stanton,,,,S001211,H8AZ09040,House,1/3/19,3/8/70,55,bioguide_id,,Greg Stanton,80,"6 years, 8 months",6.67
Pete,Pete,Stauber,Stauber,,,,S001212,H8MN08043,House,1/3/19,5/10/66,59,bioguide_id,,Pete Stauber,80,"6 years, 8 months",6.67
Elise,Elise,Stefanik,Stefanik,M.,,,S001196,H4NY21079,House,1/3/15,7/2/84,41,bioguide_id,,Elise Stefanik,128,"10 years, 8 months",10.67
Bryan,Bryan,Steil,Steil,,,,S001213,H8WI01156,House,1/3/19,3/3/81,44,bioguide_id,,Bryan Steil,80,"6 years, 8 months",6.67
Greg,,Steube,,,,,,,House,1/3/19,5/19/78,47,,,Greg Steube,80,"6 years, 8 months",6.67
Haley,Haley,Stevens,Stevens,M.,,,S001215,S6MI00426,House,1/3/19,6/24/83,42,bioguide_id,,Haley Stevens,80,"6 years, 8 months",6.67
Marilyn,Marilyn,Strickland,Strickland,,,,S001159,H0WA10034,House,1/3/21,9/25/62,63,bioguide_id,,Marilyn Strickland,56,"4 years, 8 months",4.67
Dale,Dale,Strong,Strong,W.,,,S001220,H2AL05102,House,1/3/23,5/8/70,55,bioguide_id,,Dale Strong,32,"2 years, 8 months",2.67
Marlin,Marlin,Stutzman,Stutzman,A.,,,S001188,H0IN03198,House,1/3/25,8/31/76,49,bioguide_id,,Marlin Stutzman,8,8 months,0.67
Suhas,Suhas,Subramanyam,Subramanyam,,,,S001230,H4VA10279,House,1/3/25,9/26/86,39,bioguide_id,,Suhas Subramanyam,8,8 months,0.67
Dan,Dan,Sullivan,Sullivan,,,,S001198,S4AK00214,Senate,1/3/15,11/13/64,60,bioguide_id,,Dan Sullivan,128,"10 years, 8 months",10.67
Tom,,Suozzi,,,,,,,House,2/28/24,8/31/62,63,,,Tom Suozzi,19,"1 year, 7 months",1.58
Eric,Eric,Swalwell,Swalwell,,,,S001193,H2CA15094,House,1/3/13,11/16/80,44,bioguide_id,,Eric Swalwell,152,"12 years, 8 months",12.67
Emilia,Emilia Strong,Sykes,Sykes,,,,S001223,,House,1/3/23,1/4/86,39,bioguide_id,,Emilia Sykes,32,"2 years, 8 months",2.67
Mark,Mark,Takano,Takano,,,,T000472,H2CA43245,House,1/3/13,12/10/60,64,bioguide_id,,Mark Takano,152,"12 years, 8 months",12.67
David,David,Taylor,Taylor,J.,,,T000490,H4OH02248,House,1/3/25,11/16/69,55,bioguide_id,,David Taylor,8,8 months,0.67
Claudia,Claudia,Tenney,Tenney,,,,T000478,H4NY22051,House,1/3/21,2/4/61,64,bioguide_id,,Claudia Tenney,56,"4 years, 8 months",4.67
Shri,Shri,Thanedar,Thanedar,,,,T000488,H2MI13204,House,1/3/23,2/22/55,70,bioguide_id,,Shri Thanedar,32,"2 years, 8 months",2.67
Mike,Mike,Thompson,Thompson,,,,T000460,H8CA01109,House,1/3/99,1/24/51,74,bioguide_id,,Mike Thompson,320,"26 years, 8 months",26.67
Bennie,Bennie,Thompson,Thompson,G.,,,T000193,H4MS02068,House,4/13/93,1/28/48,77,bioguide_id,,Bennie Thompson,389,"32 years, 5 months",32.42
Glenn,Glenn,Thompson,Thompson,,,Jr.,T000467,H8PA05071,House,1/3/09,7/27/59,66,bioguide_id,,Glenn Thompson,200,"16 years, 8 months",16.67
John,John,Thune,Thune,,,,T000250,S2SD00068,Senate,1/3/05,1/7/61,64,bioguide_id,,John Thune,248,"20 years, 8 months",20.67
Tom,,Tiffany,,,,,,,House,5/19/20,12/30/57,67,,,Tom Tiffany,64,"5 years, 4 months",5.33
Thom,,Tillis,,,,,,,Senate,1/3/15,8/30/60,65,,,Thom Tillis,128,"10 years, 8 months",10.67
William,William,Timmons,Timmons,R.,,IV,T000480,H8SC04250,House,1/3/19,4/30/84,41,bioguide_id,,William Timmons,80,"6 years, 8 months",6.67
Dina,Dina,Titus,Titus,,,,T000468,H8NV03036,House,1/3/13,5/23/50,75,bioguide_id,,Dina Titus,152,"12 years, 8 months",12.67
Rashida,Rashida,Tlaib,Tlaib,,,,T000481,H8MI13250,House,1/3/19,7/24/76,49,bioguide_id,,Rashida Tlaib,80,"6 years, 8 months",6.67
Jill,Jill,Tokuda,Tokuda,N.,,,T000487,H2HI02581,House,1/3/23,3/3/76,49,bioguide_id,,Jill Tokuda,32,"2 years, 8 months",2.67
Paul,Paul,Tonko,Tonko,,,,T000469,H8NY21203,House,1/3/09,6/18/49,76,bioguide_id,,Paul Tonko,200,"16 years, 8 months",16.67
Norma,Norma,Torres,Torres,J.,,,T000474,H4CA35031,House,1/3/15,4/4/65,60,bioguide_id,,Norma Torres,128,"10 years, 8 months",10.67
Ritchie,Ritchie,Torres,Torres,,,,T000486,H0NY15160,House,1/3/21,3/12/88,37,bioguide_id,,Ritchie Torres,56,"4 years, 8 months",4.67
Lori,Lori,Trahan,Trahan,,,,T000482,H8MA03106,House,1/3/19,10/27/73,51,bioguide_id,,Lori Trahan,80,"6 years, 8 months",6.67
Derek,Derek,Tran,Tran,,,,T000491,H4CA45170,House,1/3/25,12/22/80,44,bioguide_id,,Derek Tran,8,8 months,0.67
Tommy,Tommy,Tuberville,Tuberville,,,,T000278,,Senate,1/3/21,9/18/54,71,bioguide_id,,Tommy Tuberville,56,"4 years, 8 months",4.67
Mike,,Turner,,,,,,,House,1/3/03,1/11/60,65,,,Mike Turner,272,"22 years, 8 months",22.67
Lauren,Lauren,Underwood,Underwood,,,,U000040,H8IL14174,House,1/3/19,10/4/86,38,bioguide_id,,Lauren Underwood,80,"6 years, 8 months",6.67
David,David,Valadao,Valadao,G.,,,V000129,H2CA20094,House,1/3/21,4/14/77,48,bioguide_id,,David Valadao,56,"4 years, 8 months",4.67
Chris,Chris,Van Hollen,Van Hollen,,,,V000128,S6MD03441,Senate,1/3/17,1/10/59,66,bioguide_id,,Chris Van Hollen,104,"8 years, 8 months",8.67
Juan,Juan,Vargas,Vargas,,,,V000130,H2CA50026,House,1/3/13,3/7/61,64,bioguide_id,,Juan Vargas,152,"12 years, 8 months",12.67
Gabe,Gabe,Vasquez,Vasquez,,,,V000136,H2NM02191,House,1/3/23,8/3/84,41,bioguide_id,,Gabe Vasquez,32,"2 years, 8 months",2.67
Marc,Marc,Veasey,Veasey,A.,,,V000131,H2TX33073,House,1/3/13,1/3/71,54,bioguide_id,,Marc Veasey,152,"12 years, 8 months",12.67
Nydia,Nydia,Velázquez,Velázquez,M.,,,V000081,H2NY00010,House,1/3/93,3/28/53,72,bioguide_id,,Nydia Velázquez,392,"32 years, 8 months",32.67
Eugene,Eugene Simon,Vindman,Vindman,,,,V000138,,House,1/3/25,6/6/75,50,bioguide_id,,Eugene Vindman,8,8 months,0.67
Ann,Ann,Wagner,Wagner,,,,W000812,H2MO02102,House,1/3/13,9/13/62,63,bioguide_id,,Ann Wagner,152,"12 years, 8 months",12.67
Tim,Tim,Walberg,Walberg,,,,W000798,H4MI07103,House,1/3/11,4/12/51,74,bioguide_id,,Tim Walberg,176,"14 years, 8 months",14.67
James,,Walkinshaw,,,,,W000831,,House,9/10/25,10/2/82,42,,,James Walkinshaw,0,0 months,0
Mark,Mark,Warner,Warner,R.,,,W000805,S6VA00093,Senate,1/3/09,12/15/54,70,bioguide_id,,Mark Warner,200,"16 years, 8 months",16.67
Raphael,Raphael,Warnock,Warnock,G.,,,W000790,S0GA00559,Senate,1/20/21,7/23/69,56,bioguide_id,,Raphael Warnock,56,"4 years, 8 months",4.67
Elizabeth,Elizabeth,Warren,Warren,,,,W000817,,Senate,1/3/13,6/22/49,76,bioguide_id,,Elizabeth Warren,152,"12 years, 8 months",12.67
Maxine,Maxine,Waters,Waters,,,,W000187,H4CA23011,House,1/3/91,8/15/38,87,bioguide_id,,Maxine Waters,416,"34 years, 8 months",34.67
Randy,Randy K. Sr.,Weber,Weber,,,,W000814,,House,1/3/13,7/2/53,72,bioguide_id,,Randy Weber,152,"12 years, 8 months",12.67
Daniel,Daniel,Webster,Webster,,,,W000806,H0FL08208,House,1/3/11,4/27/49,76,bioguide_id,,Daniel Webster,176,"14 years, 8 months",14.67
Peter,Peter,Welch,Welch,,,,W000800,S2VT00235,Senate,1/3/23,5/2/47,78,bioguide_id,,Peter Welch,32,"2 years, 8 months",2.67
Bruce,Bruce,Westerman,Westerman,,,,W000821,H4AR04048,House,1/3/15,11/18/67,57,bioguide_id,,Bruce Westerman,128,"10 years, 8 months",10.67
Sheldon,Sheldon,Whitehouse,Whitehouse,,,II,W000802,,Senate,1/3/07,10/20/55,69,bioguide_id,,Sheldon Whitehouse,224,"18 years, 8 months",18.67
George,George,Whitesides,Whitesides,,,,W000830,H4CA27111,House,1/3/25,3/3/74,51,bioguide_id,,George Whitesides,8,8 months,0.67
Roger,Roger,Wicker,Wicker,F.,,,W000437,,Senate,12/31/07,7/5/51,74,bioguide_id,,Roger Wicker,212,"17 years, 8 months",17.67
Tony,Tony,Wied,Wied,,,,W000829,H4WI08119,House,11/12/24,5/3/76,49,bioguide_id,,Tony Wied,10,10 months,0.83
Nikema,Nikema,Williams,Williams,,,,W000788,H0GA05301,House,1/3/21,7/30/78,47,bioguide_id,,Nikema Williams,56,"4 years, 8 months",4.67
Roger,Roger,Williams,Williams,,,,W000816,H2TX33040,House,1/3/13,9/13/49,76,bioguide_id,,Roger Williams,152,"12 years, 8 months",12.67
Frederica,Frederica,Wilson,Wilson,S.,,,W000808,H0FL17068,House,1/3/11,11/5/42,82,bioguide_id,,Frederica Wilson,176,"14 years, 8 months",14.67
Joe,Joe,Wilson,Wilson,,,Sr.,W000795,H2SC02059,House,12/18/01,7/31/47,78,bioguide_id,,Joe Wilson,285,"23 years, 9 months",23.75
Rob,,Wittman,,,,,,,House,12/11/07,2/3/59,66,,,Rob Wittman,213,"17 years, 9 months",17.75
Steve,Steve,Womack,Womack,,,,W000809,H0AR03055,House,1/3/11,2/18/57,68,bioguide_id,,Steve Womack,176,"14 years, 8 months",14.67
Ron,Ron,Wyden,Wyden,,,,W000779,S6OR00110,Senate,2/5/96,5/3/49,76,bioguide_id,,Ron Wyden,355,"29 years, 7 months",29.58
Rudy,Rudy,Yakym,Yakym,,,III,Y000067,H2IN02295,House,11/14/22,2/24/84,41,bioguide_id,,Rudy Yakym,34,"2 years, 10 months",2.83
Todd,Todd,Young,Young,,,,Y000064,S6IN00191,Senate,1/3/17,8/24/72,53,bioguide_id,,Todd Young,104,"8 years, 8 months",8.67
Ryan,Ryan,Zinke,Zinke,K.,,,Z000018,H4MT01041,House,1/3/23,11/1/61,63,bioguide_id,,Ryan Zinke,32,"2 years, 8 months",2.67
